,0,1,2,3
0,0,[ 1.77767363e+03  2.98331766e+02 -1.29334635e-02 -1.31641694e+07],544,882.3530105852494
1,1,[ 2.95136505e+03  2.96329728e+02 -6.63736098e-03 -1.31641694e+07],343,887.0670942443578
2,2,[ 3.05133216e+03  2.96329488e+02 -7.48996696e-03 -1.31641694e+07],409,882.8052779931337
3,3,[ 1.95790035e+03  2.96329373e+02 -1.52858101e-02 -1.31641694e+07],573,881.5742639678818
4,4,[ 2.86329072e+03  2.98331828e+02 -6.07954754e-03 -1.31641694e+07],216,886.2695719929455
5,5,[ 1.95796024e+03  2.95328464e+02 -1.24190344e-02 -1.31641694e+07],586,888.1835151568359
6,6,[ 7.53040760e+03  2.94327122e+02 -4.43936010e-02 -1.31641694e+07],355,887.5891577136443
7,7,[ 1.03016977e+04  2.91758757e+02 -1.94425899e-02 -1.31641694e+07],885,887.8239434171825
8,8,[ 3.44993841e+03  2.93326014e+02 -7.24837670e-03 -1.31641694e+07],356,887.8036370369684
9,9,[ 2.13375031e+03  2.95329049e+02 -1.06229585e-02 -1.31641694e+07],483,887.5047640938702
10,10,[ 3.29024330e+03  2.97330509e+02 -5.70191398e-03 -1.31641694e+07],841,885.6561353257763
11,11,[ 2.37842412e+03  2.95328263e+02 -1.10609693e-02 -1.31641694e+07],543,883.7318345503401
12,12,[ 1.71915610e+03  2.98331557e+02 -1.34227025e-02 -1.31641694e+07],560,883.1996874147753
13,13,[ 1.51724860e+03  3.01335307e+02 -1.16256149e-02 -1.31641694e+07],576,884.3845407876911
14,14,[ 1.99586110e+03  2.95328212e+02 -1.23645464e-02 -1.31641694e+07],466,886.7911467638653
15,15,[ 1.95804578e+03  2.95329216e+02 -1.28093203e-02 -1.31641694e+07],486,888.3301044900766
16,16,[ 1.67891953e+03  2.91324250e+02 -1.54092679e-02 -1.31641694e+07],344,887.3375279229367
17,17,[ 3.09486393e+03  2.93325953e+02 -8.38780511e-03 -1.31641694e+07],280,887.7655625581244
18,18,[ 2.31212626e+03  2.98331636e+02 -8.88474396e-03 -1.31641694e+07],666,887.8423376522105
19,19,[ 3.11100476e+03  3.00333756e+02 -3.95167688e-03 -1.31641694e+07],839,887.6289577083145
20,20,[ 1.81166264e+03  2.97330853e+02 -1.19652276e-02 -1.31641694e+07],540,887.7953409820174
21,21,[ 3.34088223e+03  2.96329404e+02 -5.27068675e-03 -1.31641694e+07],399,887.3897144865163
22,22,[ 1.21316674e+04  2.93634313e+02 -1.43083167e-02 -1.31641694e+07],565,887.7292728010908
23,23,[ 3.45276476e+03  2.97330611e+02 -5.12985651e-03 -1.31641694e+07],165,887.7324265904299
24,24,[ 1.91393613e+03  2.97330873e+02 -1.20732408e-02 -1.31641694e+07],568,888.049018530812
25,25,[ 2.28430889e+03  2.94327212e+02 -1.11673573e-02 -1.31641694e+07],866,888.2459292674355
26,26,[ 3.00802480e+03  2.96329380e+02 -6.63032343e-03 -1.31641694e+07],217,888.1207367491145
27,27,[ 1.60795488e+03  2.96329950e+02 -1.35848001e-02 -1.31641694e+07],174,888.254610527601
28,28,[ 1.99584079e+03  3.01335383e+02 -8.53130042e-03 -1.31641694e+07],465,887.895065812677
29,29,[ 1.97632533e+03  2.95328760e+02 -1.25068052e-02 -1.31641694e+07],342,887.7621638062402
30,30,[ 1.89189849e+03  2.98331581e+02 -1.14839831e-02 -1.31641694e+07],499,887.8572654627743
31,31,[ 1.82856785e+03  2.97330607e+02 -1.19028479e-02 -1.31641694e+07],438,888.0430192321962
32,32,[ 2.76892914e+03  2.94327305e+02 -9.30551829e-03 -1.31641694e+07],500,888.0799783004011
33,33,[ 2.49497663e+03  2.98331599e+02 -7.76555749e-03 -1.31641694e+07],389,887.9097058960216
34,34,[ 1.62760660e+03  2.92325759e+02 -1.47865984e-02 -1.31641694e+07],479,887.2456948642426
35,35,[ 1.69117440e+03  2.95328608e+02 -1.30075629e-02 -1.31641694e+07],541,887.4145823977368
36,36,[ 1.97486743e+03  3.01334957e+02 -9.07323689e-03 -1.31641694e+07],255,887.4396241414072
37,37,[ 2.73654852e+03  2.99332866e+02 -6.42427370e-03 -1.31641694e+07],146,887.1312340190071
38,38,[ 1.74334843e+03  2.96329362e+02 -1.26736577e-02 -1.31641694e+07],502,888.006032058871
39,39,[ 1.56852502e+03  2.95328515e+02 -1.41189024e-02 -1.31641694e+07],309,888.2382717730812
40,40,[ 1.68080092e+03  2.96329420e+02 -1.26707359e-02 -1.31641694e+07],417,888.3579550572796
41,41,[ 2.23988806e+03  2.94327327e+02 -1.14150824e-02 -1.31641694e+07],591,888.2124682212882
42,42,[ 2.40726650e+03  2.95328949e+02 -1.01428801e-02 -1.31641694e+07],641,887.7791833727617
43,43,[ 3.63829202e+03  2.98331575e+02 -2.59846391e-03 -1.31641694e+07],595,887.2982024552109
44,44,[ 3.28176912e+03  2.94327394e+02 -7.00290125e-03 -1.31641694e+07],501,888.2350619956426
45,45,[ 1.55765699e+03  2.95328496e+02 -1.39832189e-02 -1.31641694e+07],79,887.9179684589267
46,46,[ 1.74748299e+03  2.94327576e+02 -1.33698119e-02 -1.31641694e+07],472,887.8253205418574
47,47,[ 1.80893754e+03  2.96329269e+02 -1.26055051e-02 -1.31641694e+07],594,888.4759695062959
48,48,[ 2.09591230e+03  2.94327879e+02 -1.17285456e-02 -1.31641694e+07],478,887.7917261484615
49,49,[ 2.59610518e+03  2.97330413e+02 -8.27621506e-03 -1.31641694e+07],600,888.3046868944049
50,50,[ 2.98768632e+03  2.97330455e+02 -6.82783861e-03 -1.31641694e+07],320,887.8879344068431
51,51,[ 1.73237426e+03  2.93326165e+02 -1.49820496e-02 -1.31641694e+07],480,887.5803565424291
52,52,[ 1.84686624e+03  2.91323962e+02 -1.54364365e-02 -1.31641694e+07],297,887.9771583942118
53,53,[ 1.11279789e+04  2.92717632e+02 -1.70974930e-02 -1.31641694e+07],449,887.784795229328
54,54,[ 2.22914687e+03  2.94327292e+02 -1.09265548e-02 -1.31641694e+07],370,887.6892922390388
55,55,[ 2.48705882e+03  2.98331629e+02 -7.50052453e-03 -1.31641694e+07],471,888.2311332124431
56,56,[ 1.54565611e+03  2.96329340e+02 -1.41986419e-02 -1.31641694e+07],225,887.9297021254023
57,57,[ 2.55518221e+03  2.94327072e+02 -1.01728800e-02 -1.31641694e+07],485,887.9497071854643
58,58,[ 2.24371867e+03  2.94327315e+02 -1.12681015e-02 -1.31641694e+07],507,888.0927402389356
59,59,[ 3.01459689e+03  2.97330492e+02 -6.44689529e-03 -1.31641694e+07],306,888.0736067034796
60,60,[ 3.07046949e+03  2.97330474e+02 -6.26940951e-03 -1.31641694e+07],610,888.0328973852537
61,61,[ 1.65791461e+03  2.93326219e+02 -1.48566239e-02 -1.31641694e+07],814,888.0800527774014
62,62,[ 1.67532703e+03  2.95329177e+02 -1.41566571e-02 -1.31641694e+07],381,884.9131389391813
63,63,[ 3.14267159e+03  2.99332739e+02 -4.03870795e-03 -1.31641694e+07],77,883.1210541846781
64,64,[ 2.47588272e+03  2.97330612e+02 -7.99120927e-03 -1.31641694e+07],364,884.0208617071117
65,65,[ 2.18167516e+03  2.97330411e+02 -9.87976093e-03 -1.31641694e+07],357,883.8529596645892
66,66,[ 2.94700566e+03  3.00333733e+02 -4.55468093e-03 -1.31641694e+07],426,882.8307842246896
67,67,[ 2.38129721e+03  2.95328146e+02 -1.01574177e-02 -1.31641694e+07],570,885.385043847859
68,68,[ 3.29787105e+03  2.99332648e+02 -3.18405286e-03 -1.31641694e+07],746,886.8489410418871
69,69,[ 2.40362239e+03  2.97330833e+02 -9.12744553e-03 -1.31641694e+07],391,887.9362305260518
70,70,[ 7.94880329e+03  2.95328232e+02 -4.53801514e-02 -1.31641694e+07],339,887.4119811898221
71,71,[ 1.66659393e+03  2.93326156e+02 -1.44827856e-02 -1.31641694e+07],263,887.5089638404376
72,72,[ 3.54867478e+03  2.97330447e+02 -4.13101266e-03 -1.31641694e+07],569,887.9424841252426
73,73,[ 2.02334368e+03  2.95328353e+02 -1.27022905e-02 -1.31641694e+07],172,887.7261810566523
74,74,[ 1.51759972e+03  2.97330623e+02 -1.36732412e-02 -1.31641694e+07],571,887.6766237148436
75,75,[ 2.42578893e+03  2.95328164e+02 -9.63805751e-03 -1.31641694e+07],310,888.2094022724715
76,76,[ 1.77231636e+03  2.93326093e+02 -1.46720648e-02 -1.31641694e+07],47,888.3153433362353
77,77,[ 2.52982715e+03  2.94327083e+02 -1.02030808e-02 -1.31641694e+07],505,888.5042658256839
78,78,[ 2.53456372e+03  2.97330601e+02 -8.93200878e-03 -1.31641694e+07],887,888.1592936851584
79,79,[ 2.51292442e+03  2.93325953e+02 -1.07990036e-02 -1.31641694e+07],327,888.5420106369319
80,80,[ 2.59931392e+03  2.97330501e+02 -8.83310604e-03 -1.31641694e+07],580,888.0755896084664
81,81,[ 1.82298546e+03  2.98331856e+02 -1.21744955e-02 -1.31641694e+07],639,886.7363793037487
82,82,[ 2.25268478e+03  2.95328351e+02 -1.00667218e-02 -1.31641694e+07],574,887.7537748497396
83,83,[ 2.47665303e+03  2.98332383e+02 -7.84904589e-03 -1.31641694e+07],457,887.9675072654546
84,84,[ 2.54641162e+03  2.92325509e+02 -1.09013792e-02 -1.31641694e+07],484,888.1194425002267
85,85,[ 2.32346376e+03  2.93326103e+02 -1.12401680e-02 -1.31641694e+07],554,887.990115450697
86,86,[ 2.17188736e+03  2.94327064e+02 -1.16216813e-02 -1.31641694e+07],254,888.080185636454
87,87,[ 3.32849586e+03  2.97330419e+02 -4.87569455e-03 -1.31641694e+07],621,887.5251673176174
88,88,[ 1.94826467e+03  2.97330692e+02 -1.11066952e-02 -1.31641694e+07],358,888.2594480301856
89,89,[ 1.65327841e+03  2.96329632e+02 -1.37484695e-02 -1.31641694e+07],665,886.8905698250907
90,90,[ 2.09023396e+03  2.96329489e+02 -1.16806409e-02 -1.31641694e+07],477,886.5168925144859
91,91,[ 3.12575744e+03  2.99332683e+02 -4.08304856e-03 -1.31641694e+07],562,887.0447861135892
92,92,[ 2.31836294e+03  2.99332621e+02 -8.76711164e-03 -1.31641694e+07],264,887.7660955461084
93,93,[ 1.13502568e+04  2.92324870e+02 -2.68023418e-02 -1.31641694e+07],634,887.6059493466199
94,94,[ 1.40136426e+03  2.96329912e+02 -1.38150173e-02 -1.31641694e+07],705,887.7754439441743
95,95,[ 3.64248795e+03  2.92325064e+02 -7.45386246e-03 -1.31641694e+07],387,888.0719747113034
96,96,[ 2.30682644e+03  2.94327890e+02 -1.11767054e-02 -1.31641694e+07],538,888.013933202602
97,97,[ 2.19786328e+03  2.94327121e+02 -1.18892881e-02 -1.31641694e+07],596,888.2288483986972
98,98,[ 2.55610147e+03  2.95328413e+02 -9.28998977e-03 -1.31641694e+07],282,888.3024948988132
99,99,[ 2.55410856e+03  2.98331779e+02 -7.27491413e-03 -1.31641694e+07],200,888.0807429083845
100,100,[ 1.48315381e+03  2.95328590e+02 -1.45468605e-02 -1.31641694e+07],497,888.1411810312838
101,101,[ 1.50828267e+03  2.97330595e+02 -1.32361280e-02 -1.31641694e+07],154,888.1640429696541
102,102,[ 1.72417583e+03  2.96329272e+02 -1.29015503e-02 -1.31641694e+07],598,888.3264208518765
103,103,[ 1.39143087e+03  2.99332838e+02 -1.35084466e-02 -1.31641694e+07],400,888.3321862796554
104,104,[ 2.38196300e+03  2.99332712e+02 -7.67712607e-03 -1.31641694e+07],388,888.1104288827912
105,105,[ 2.67520213e+03  2.99333124e+02 -7.05799124e-03 -1.31641694e+07],864,887.9457373245746
106,106,[ 3.17317073e+03  2.99332788e+02 -3.58709411e-03 -1.31641694e+07],367,887.2817786049449
107,107,[ 1.54894577e+03  2.97331162e+02 -1.30692787e-02 -1.31641694e+07],429,888.4114687350152
108,108,[ 2.69262936e+03  2.94327484e+02 -9.86586855e-03 -1.31641694e+07],553,888.3719565356841
109,109,[ 2.33364995e+03  2.99333070e+02 -8.78995044e-03 -1.31641694e+07],411,887.9225582528426
110,110,[ 2.33582271e+03  2.96329268e+02 -9.82144667e-03 -1.31641694e+07],166,886.8436235569608
111,111,[ 1.83497586e+03  2.95328252e+02 -1.24583291e-02 -1.31641694e+07],664,888.0406291941715
112,112,[ 2.16563545e+03  2.94327053e+02 -1.22438454e-02 -1.31641694e+07],494,887.945361315788
113,113,[ 2.38429623e+03  2.97330463e+02 -8.95809689e-03 -1.31641694e+07],184,887.0803576897389
114,114,[ 2.67756510e+03  2.94327205e+02 -9.52576889e-03 -1.31641694e+07],875,886.3458165561057
115,115,[ 2.68859488e+03  2.99332762e+02 -6.86923679e-03 -1.31641694e+07],430,887.0675942397492
116,116,[ 1.04178993e+04  2.91842777e+02 -1.84993187e-02 -1.31641694e+07],555,887.352768837834
117,117,[ 2.48145589e+03  2.93325925e+02 -1.07732610e-02 -1.31641694e+07],432,887.8915980634116
118,118,[ 1.45511421e+03  2.95328169e+02 -1.46434099e-02 -1.31641694e+07],548,887.8222590736414
119,119,[ 2.54187439e+03  2.93325953e+02 -1.11490286e-02 -1.31641694e+07],836,888.2535323291431
120,120,[ 2.58385679e+03  2.97331140e+02 -7.13216482e-03 -1.31641694e+07],242,888.0639162284591
121,121,[ 1.70456657e+03  2.95328407e+02 -1.38942547e-02 -1.31641694e+07],873,888.1605679078691
122,122,[ 2.41240880e+03  2.97331198e+02 -9.42196446e-03 -1.31641694e+07],476,888.2665972062053
123,123,[ 1.46279660e+03  2.97330394e+02 -1.40840531e-02 -1.31641694e+07],492,888.0747966875623
124,124,[ 2.37882791e+03  2.97330853e+02 -9.20401677e-03 -1.31641694e+07],107,888.256790553881
125,125,[ 2.37910428e+03  2.96329480e+02 -9.81391653e-03 -1.31641694e+07],525,888.1258455031225
126,126,[ 9.48774452e+03  2.90826374e+02 -2.30869104e-02 -1.31641694e+07],281,887.1242540888509
127,127,[ 1.92796933e+03  3.01334950e+02 -9.22850806e-03 -1.31641694e+07],725,887.7827740440896
128,128,[ 2.54268675e+03  2.92324965e+02 -1.13524842e-02 -1.31641694e+07],208,888.1318610662064
129,129,[ 1.74965678e+03  2.95328704e+02 -1.35983590e-02 -1.31641694e+07],272,888.0221181684831
130,130,[ 2.64279147e+03  2.95328587e+02 -9.45020683e-03 -1.31641694e+07],338,887.7256691720291
131,131,[ 2.84293741e+03  2.97330433e+02 -7.00864464e-03 -1.31641694e+07],487,887.6235510339743
132,132,[ 3.39813380e+03  2.96329266e+02 -4.96389162e-03 -1.31641694e+07],731,887.6024131580269
133,133,[ 2.02390875e+03  2.94327577e+02 -1.19119166e-02 -1.31641694e+07],714,888.2418015721336
134,134,[ 1.43203488e+03  2.93326113e+02 -1.56316024e-02 -1.31641694e+07],481,887.8422637202771
135,135,[ 2.63845432e+03  2.97330384e+02 -7.59141790e-03 -1.31641694e+07],551,888.040456401976
136,136,[ 2.34857492e+03  2.99332653e+02 -7.25356806e-03 -1.31641694e+07],462,888.0897569733667
137,137,[ 2.62608597e+03  2.97330750e+02 -7.78559006e-03 -1.31641694e+07],442,887.128866006279
138,138,[ 2.69861718e+03  3.00334377e+02 -5.97278395e-03 -1.31641694e+07],419,884.9137404662525
139,139,[ 2.45776762e+03  2.98331568e+02 -7.79277209e-03 -1.31641694e+07],509,886.9347371540291
140,140,[ 1.50958457e+03  2.95328175e+02 -1.41119362e-02 -1.31641694e+07],253,885.9185664276038
141,141,[ 2.17758883e+03  2.95328568e+02 -1.15502820e-02 -1.31641694e+07],390,888.1915138955998
142,142,[ 2.52180610e+03  2.94327290e+02 -1.04943005e-02 -1.31641694e+07],674,888.3771908878138
143,143,[ 2.66973249e+03  2.97330369e+02 -8.52336239e-03 -1.31641694e+07],673,887.5694719058357
144,144,[ 2.67120660e+03  2.94327074e+02 -1.00919110e-02 -1.31641694e+07],414,888.2023489128228
145,145,[ 2.03003375e+03  2.93326342e+02 -1.25728742e-02 -1.31641694e+07],584,888.0132683204828
146,146,[ 2.35594665e+03  2.96329588e+02 -1.02192716e-02 -1.31641694e+07],588,888.5494519939061
147,147,[ 1.62440453e+03  2.95328170e+02 -1.36061309e-02 -1.31641694e+07],315,888.0847321734209
148,148,[ 3.25343058e+03  2.97330491e+02 -4.88365196e-03 -1.31641694e+07],366,887.7936052122716
149,149,[ 2.33496516e+03  2.97330805e+02 -9.84565510e-03 -1.31641694e+07],142,887.931578153277
150,150,[ 1.50917836e+03  2.91323934e+02 -1.61282144e-02 -1.31641694e+07],276,887.0283805863613
151,151,[ 1.39735697e+03  2.95328488e+02 -1.44429702e-02 -1.31641694e+07],564,887.329478383494
152,152,[ 2.38192471e+03  2.96329578e+02 -9.91105462e-03 -1.31641694e+07],535,887.48756297899
153,153,[ 1.39938983e+03  2.97330487e+02 -1.32978649e-02 -1.31641694e+07],843,887.5822243656729
154,154,[ 1.83319831e+03  2.96330476e+02 -1.19967230e-02 -1.31641694e+07],331,888.4378957587107
155,155,[ 3.97292944e+03  2.93326035e+02 -7.48225469e-03 -1.31641694e+07],557,887.2960564853986
156,156,[ 1.85269112e+03  2.96329400e+02 -1.17075674e-02 -1.31641694e+07],578,888.188708495613
157,157,[ 1.03122830e+04  2.91775329e+02 -1.94844514e-02 -1.31641694e+07],360,887.0974577143395
158,158,[ 1.53645318e+03  2.91324062e+02 -1.61481012e-02 -1.31641694e+07],537,887.0456706626975
159,159,[ 1.41675937e+04  2.96329473e+02 -1.00805376e-02 -1.31641694e+07],108,886.8886213654357
160,160,[ 2.65950916e+03  2.94327503e+02 -1.01272158e-02 -1.31641694e+07],675,887.3573145867614
161,161,[ 2.49482664e+03  2.97330451e+02 -9.05614329e-03 -1.31641694e+07],556,885.609871823173
162,162,[ 2.39964874e+03  2.97330575e+02 -8.88118313e-03 -1.31641694e+07],330,885.6060473179155
163,163,[ 1.28692719e+03  3.00334166e+02 -1.23428441e-02 -1.31641694e+07],328,886.9938180862182
164,164,[ 2.36888754e+03  2.94327141e+02 -1.05273086e-02 -1.31641694e+07],632,887.9545593017602
165,165,[ 2.46074797e+03  2.92324929e+02 -1.11778530e-02 -1.31641694e+07],372,888.5763714566788
166,166,[ 2.51923191e+03  2.92325411e+02 -1.10694683e-02 -1.31641694e+07],448,888.427978116543
167,167,[ 2.52989681e+03  2.98331526e+02 -7.09413681e-03 -1.31641694e+07],533,888.0853656194258
168,168,[ 1.51921519e+03  2.93325920e+02 -1.54072872e-02 -1.31641694e+07],191,888.1104940574096
169,169,[ 2.50207979e+03  2.93326005e+02 -1.09232914e-02 -1.31641694e+07],563,888.2448684715217
170,170,[ 7.56416032e+03  2.88821897e+02 -3.29402744e-02 -1.31641694e+07],876,887.9347364515736
171,171,[ 2.25460549e+03  2.96329495e+02 -1.02367591e-02 -1.31641694e+07],40,888.0874824670612
172,172,[ 2.67445134e+03  2.94327272e+02 -1.00258021e-02 -1.31641694e+07],386,888.4875753633795
173,173,[ 2.75926398e+03  2.97330596e+02 -6.30074372e-03 -1.31641694e+07],202,887.9718456965863
174,174,[ 2.57551074e+03  2.94327149e+02 -9.94101411e-03 -1.31641694e+07],550,888.5662227255456
175,175,[ 1.41734587e+03  2.94327199e+02 -1.54588264e-02 -1.31641694e+07],369,887.7529577045343
176,176,[ 2.45654391e+03  2.92325343e+02 -1.15536952e-02 -1.31641694e+07],418,888.3053241052761
177,177,[ 3.95672446e+03  2.92324935e+02 -7.56605904e-03 -1.31641694e+07],468,887.836265402878
178,178,[ 2.36890269e+03  2.95328202e+02 -1.07282856e-02 -1.31641694e+07],397,887.9590081372073
179,179,[ 2.39345229e+03  2.94327196e+02 -1.10904145e-02 -1.31641694e+07],526,887.3858649300145
180,180,[ 2.53832113e+03  2.97330516e+02 -8.55485295e-03 -1.31641694e+07],301,886.6376331747041
181,181,[ 2.42551129e+03  2.95328217e+02 -1.03009823e-02 -1.31641694e+07],606,884.8774383876154
182,182,[ 3.56208687e+03  2.97330537e+02 -3.72389808e-03 -1.31641694e+07],421,886.6461542684389
183,183,[ 2.64141716e+03  2.93326263e+02 -9.91014782e-03 -1.31641694e+07],532,888.1910177389326
184,184,[ 1.97682132e+03  2.93326220e+02 -1.30058612e-02 -1.31641694e+07],210,888.4264253444333
185,185,[ 2.49456319e+03  2.96329482e+02 -9.76505297e-03 -1.31641694e+07],103,888.1467478543454
186,186,[ 1.97788641e+03  2.93326155e+02 -1.31427017e-02 -1.31641694e+07],558,887.9266706033633
187,187,[ 2.77199714e+03  2.96329359e+02 -8.71604844e-03 -1.31641694e+07],451,888.1761885551186
188,188,[ 2.91386040e+03  2.99332794e+02 -5.26965608e-03 -1.31641694e+07],15,887.1217796765401
189,189,[ 2.67885062e+03  3.00333882e+02 -6.46717067e-03 -1.31641694e+07],102,885.5853984991235
190,190,[ 2.54999481e+03  2.96329296e+02 -8.62795097e-03 -1.31641694e+07],293,887.1406840735715
191,191,[ 2.54347617e+03  2.94327214e+02 -9.81564041e-03 -1.31641694e+07],469,888.3597714360851
192,192,[ 1.18792301e+04  2.93627187e+02 -1.45489432e-02 -1.31641694e+07],575,887.7537104343882
193,193,[ 3.26762817e+03  2.96329402e+02 -7.33070530e-03 -1.31641694e+07],336,887.84721364108
194,194,[ 2.34813334e+03  2.98331515e+02 -9.47130598e-03 -1.31641694e+07],491,887.910394354264
195,195,[ 2.35348577e+03  2.97330973e+02 -9.56974073e-03 -1.31641694e+07],815,888.2582273933559
196,196,[ 1.44910878e+03  2.98332097e+02 -1.32074172e-02 -1.31641694e+07],76,887.9629360606248
197,197,[ 1.39069754e+03  2.95328528e+02 -1.49595769e-02 -1.31641694e+07],870,887.464765100109
198,198,[ 1.41133151e+03  2.96329457e+02 -1.37666886e-02 -1.31641694e+07],667,888.0097555102678
199,199,[ 1.02533446e+04  2.90799878e+02 -1.96749905e-02 -1.31641694e+07],332,887.8757486206316
200,200,[ 1.90969910e+03  2.95328250e+02 -1.24799464e-02 -1.31641694e+07],597,888.43942623154
201,201,[ 2.34431906e+03  2.98331942e+02 -9.56700152e-03 -1.31641694e+07],585,888.0541529928764
202,202,[ 1.57315753e+03  2.97330655e+02 -1.30228897e-02 -1.31641694e+07],590,888.3506052489273
203,203,[ 2.51288333e+03  2.97330721e+02 -7.29824417e-03 -1.31641694e+07],549,887.6189352304506
204,204,[ 2.56175767e+03  2.97330675e+02 -9.07260429e-03 -1.31641694e+07],319,886.1645465553232
205,205,[ 1.67298438e+03  2.97331516e+02 -1.26609561e-02 -1.31641694e+07],577,885.4600045268186
206,206,[ 2.48207941e+03  2.94327600e+02 -1.03803056e-02 -1.31641694e+07],734,886.9770421656561
207,207,[ 2.38946259e+03  2.98331744e+02 -7.69187380e-03 -1.31641694e+07],176,887.5788815477628
208,208,[ 1.78451646e+03  2.96329910e+02 -1.24436983e-02 -1.31641694e+07],49,888.4075085328883
209,209,[ 9.96414258e+03  2.90775672e+02 -2.04664660e-02 -1.31641694e+07],835,887.9302041940866
210,210,[ 1.58550455e+03  2.94327237e+02 -1.48121598e-02 -1.31641694e+07],98,888.3334425551636
211,211,[ 1.58905477e+03  2.94327131e+02 -1.46492643e-02 -1.31641694e+07],589,886.5262362657954
212,212,[ 1.40781284e+03  2.96329702e+02 -1.46783871e-02 -1.31641694e+07],464,886.2157474335478
213,213,[ 1.54328770e+03  2.95328476e+02 -1.30311669e-02 -1.31641694e+07],879,886.9402365685147
214,214,[ 1.45865290e+03  2.93326215e+02 -1.63840670e-02 -1.31641694e+07],279,888.1668137122963
215,215,[ 1.64895312e+03  2.94327443e+02 -1.39594763e-02 -1.31641694e+07],490,887.6994609414678
216,216,[ 2.33581880e+03  2.96329877e+02 -1.00671169e-02 -1.31641694e+07],251,888.6358269716125
217,217,[ 1.59036260e+03  2.96330221e+02 -1.35967802e-02 -1.31641694e+07],638,888.5711303306314
218,218,[ 2.49844915e+03  2.97330771e+02 -9.02451721e-03 -1.31641694e+07],582,887.8658911701351
219,219,[ 1.55856773e+03  2.95328447e+02 -1.40460144e-02 -1.31641694e+07],628,887.4704994903126
220,220,[ 2.49428830e+03  2.92325037e+02 -1.12714189e-02 -1.31641694e+07],318,888.1879823074519
221,221,[ 2.40060225e+03  2.98331863e+02 -7.54450910e-03 -1.31641694e+07],506,887.6597725367408
222,222,[ 1.78299410e+03  2.95329159e+02 -1.29539601e-02 -1.31641694e+07],447,887.9401585215189
223,223,[ 9.80187432e+03  2.90905166e+02 -2.01434203e-02 -1.31641694e+07],292,887.2779906313963
224,224,[ 2.35189827e+03  2.96329462e+02 -1.01639092e-02 -1.31641694e+07],371,888.2498399182361
225,225,[ 2.46508400e+03  2.93325978e+02 -1.09643837e-02 -1.31641694e+07],561,888.521705746479
226,226,[ 1.47527593e+03  2.95328236e+02 -1.48195866e-02 -1.31641694e+07],294,888.1329954417591
227,227,[ 1.69567126e+03  2.95328551e+02 -1.31356709e-02 -1.31641694e+07],888,887.445784414803
228,228,[ 2.30606683e+03  2.96329501e+02 -1.03833584e-02 -1.31641694e+07],314,886.8437996589113
229,229,[ 2.44467736e+03  2.97330628e+02 -9.21321961e-03 -1.31641694e+07],262,887.1842905847706
230,230,[ 2.32683461e+03  2.99332731e+02 -7.23989340e-03 -1.31641694e+07],283,887.6200273421571
231,231,[ 3.72650674e+03  2.91323879e+02 -7.69889602e-03 -1.31641694e+07],616,887.4138419351303
232,232,[ 1.76167123e+03  2.94327291e+02 -1.41332354e-02 -1.31641694e+07],359,885.4138217488862
233,233,[ 2.12748992e+03  2.94327192e+02 -1.24859457e-02 -1.31641694e+07],122,880.3578745623975
234,234,[ 1.98214557e+03  2.97330807e+02 -1.00067460e-02 -1.31641694e+07],450,880.1833595152486
235,235,[ 2.54023680e+03  2.94327515e+02 -9.67559161e-03 -1.31641694e+07],441,882.5633053336393
236,236,[ 1.98136878e+03  2.94327819e+02 -1.22467713e-02 -1.31641694e+07],406,884.6519661198
237,237,[ 2.07657670e+03  2.94327489e+02 -1.25234821e-02 -1.31641694e+07],88,885.2750979102648
238,238,[ 1.82712336e+03  2.96329387e+02 -1.16213265e-02 -1.31641694e+07],195,886.6799684878895
239,239,[ 1.39401372e+03  2.95328809e+02 -1.45944027e-02 -1.31641694e+07],258,887.7902206174915
240,240,[ 9.24038626e+03  2.89823701e+02 -2.28705250e-02 -1.31641694e+07],124,888.107846384367
241,241,[ 2.68926406e+03  2.97330853e+02 -6.89382966e-03 -1.31641694e+07],872,887.9361202655663
242,242,[ 1.58079243e+03  2.97330731e+02 -1.31438953e-02 -1.31641694e+07],508,888.416100124688
243,243,[ 2.61756015e+03  2.97331147e+02 -7.06934880e-03 -1.31641694e+07],434,887.193238223
244,244,[ 2.48662422e+03  2.93325995e+02 -1.09923212e-02 -1.31641694e+07],27,884.8406314291201
245,245,[ 1.35891135e+03  2.96329359e+02 -1.44801018e-02 -1.31641694e+07],688,886.6469644574702
246,246,[ 1.61364959e+03  2.90322646e+02 -1.69247938e-02 -1.31641694e+07],119,887.659003835404
247,247,[ 1.22420411e+03  2.96329336e+02 -1.50811497e-02 -1.31641694e+07],424,887.5385610531083
248,248,[ 2.32945156e+03  2.96329383e+02 -1.04373358e-02 -1.31641694e+07],224,887.6990203802947
249,249,[ 2.49402786e+03  2.98331717e+02 -7.03833077e-03 -1.31641694e+07],362,887.4415275538356
250,250,[ 2.31067011e+03  2.98331501e+02 -9.40640442e-03 -1.31641694e+07],603,888.2013223205537
251,251,[ 2.49907008e+03  2.96329773e+02 -9.90076454e-03 -1.31641694e+07],259,888.2934671430623
252,252,[ 1.75602352e+03  2.96329302e+02 -1.27563664e-02 -1.31641694e+07],25,888.097076685984
253,253,[ 2.56989995e+03  2.94327211e+02 -1.02478948e-02 -1.31641694e+07],723,888.3966778131092
254,254,[ 2.61162470e+03  2.94327230e+02 -1.03211610e-02 -1.31641694e+07],290,888.462931446503
255,255,[ 1.56596116e+03  2.96329261e+02 -1.36628655e-02 -1.31641694e+07],169,888.5512437633968
256,256,[ 2.46949881e+03  2.91323828e+02 -1.23896684e-02 -1.31641694e+07],396,888.2156828812656
257,257,[ 2.47046438e+03  2.93326000e+02 -1.07114150e-02 -1.31641694e+07],133,887.777654368032
258,258,[ 1.78857169e+03  2.96329894e+02 -1.25879313e-02 -1.31641694e+07],844,888.2573737653654
259,259,[ 1.52055034e+03  2.95328739e+02 -1.44036321e-02 -1.31641694e+07],747,888.2483918185375
260,260,[ 2.59102534e+03  2.95328393e+02 -9.60459003e-03 -1.31641694e+07],39,887.6739398960221
261,261,[ 1.74185349e+03  2.92325167e+02 -1.41946384e-02 -1.31641694e+07],423,887.9770528298969
262,262,[ 1.47695794e+03  2.94327285e+02 -1.49004387e-02 -1.31641694e+07],798,888.2772730385764
263,263,[ 2.51801165e+03  2.91323714e+02 -1.24163849e-02 -1.31641694e+07],593,888.4913220743774
264,264,[ 2.40092812e+03  2.92325246e+02 -1.20748138e-02 -1.31641694e+07],44,888.4538084258361
265,265,[ 1.01987925e+04  2.90822619e+02 -1.94590660e-02 -1.31641694e+07],592,887.9887432499345
266,266,[ 2.32892153e+03  2.96329356e+02 -1.06020637e-02 -1.31641694e+07],607,888.1836372703472
267,267,[ 2.33115689e+03  2.96329580e+02 -1.04405838e-02 -1.31641694e+07],528,888.0565945188459
268,268,[ 3.63869575e+03  2.93326329e+02 -7.76018155e-03 -1.31641694e+07],55,886.8682184735555
269,269,[ 2.31486667e+03  2.97331316e+02 -9.57722962e-03 -1.31641694e+07],97,885.9452273931154
270,270,[ 3.20053722e+03  2.98331650e+02 -3.81493076e-03 -1.31641694e+07],855,886.5622864471063
271,271,[ 2.32957086e+03  2.99332771e+02 -6.49805216e-03 -1.31641694e+07],647,887.5420265498118
272,272,[ 1.74642377e+03  2.94327929e+02 -1.33407633e-02 -1.31641694e+07],728,888.4075001571299
273,273,[-3.17781537e+03  3.33370436e+02 -9.23029004e-03 -1.31641694e+07],599,888.1959680838328
274,274,[-2.84951616e+03  3.34371862e+02 -7.98300544e-03 -1.31641694e+07],313,888.1427187151602
275,275,[ 7.79604857e+03  2.97330438e+02 -3.17497062e-02 -1.31641694e+07],305,888.0115659170749
276,276,[ 1.63737706e+03  2.96329560e+02 -1.32727001e-02 -1.31641694e+07],470,888.3766657070477
277,277,[ 1.84144393e+03  2.97331307e+02 -1.25709917e-02 -1.31641694e+07],881,887.6064849936985
278,278,[-2.85013269e+03  3.34371593e+02 -9.41338972e-03 -1.31641694e+07],745,887.9983396414523
279,279,[ 5.84196396e+03  2.96329275e+02 -2.37018706e-02 -1.31641694e+07],287,888.2977904918399
280,280,[ 5.47313672e+03  2.99332641e+02 -3.83687798e-03 -1.31641694e+07],256,888.5907260873408
281,281,[-2.82000614e+03  3.33370425e+02 -8.89480276e-03 -1.31641694e+07],842,888.4081477720815
282,282,[ 7.61579906e+03  2.94327128e+02 -2.88446322e-02 -1.31641694e+07],810,888.4399166774559
283,283,[ 1.02699278e+04  2.90784731e+02 -1.97689121e-02 -1.31641694e+07],833,888.2733769195905
284,284,[ 1.02021498e+04  2.90780968e+02 -2.01618345e-02 -1.31641694e+07],41,887.9066991265355
285,285,[ 1.03679600e+04  2.91768451e+02 -1.89248247e-02 -1.31641694e+07],75,888.1588675308391
286,286,[ 1.86230302e+03  2.94327076e+02 -1.29123720e-02 -1.31641694e+07],812,887.6301649770442
287,287,[-2.71261292e+03  3.35372759e+02 -7.53983662e-03 -1.31641694e+07],317,888.2162141316353
288,288,[-2.95181149e+03  3.34371706e+02 -7.99418685e-03 -1.31641694e+07],845,887.7044249610129
289,289,[ 1.59788080e+03  3.00334114e+02 -1.15360241e-02 -1.31641694e+07],326,887.7378434998835
290,290,[ 3.09110691e+03  2.99332634e+02 -5.23705670e-03 -1.31641694e+07],144,888.2452053963698
291,291,[ 1.84662726e+03  2.95328189e+02 -1.22355636e-02 -1.31641694e+07],766,888.0183521526568
292,292,[-3.13266363e+03  3.34371695e+02 -7.97439775e-03 -1.31641694e+07],250,888.283803157753
293,293,[-2.89189248e+03  3.34371544e+02 -7.96669979e-03 -1.31641694e+07],403,888.3259998395072
294,294,[-3.08100171e+03  3.34371945e+02 -7.98887188e-03 -1.31641694e+07],602,888.2791389372703
295,295,[ 1.84088563e+03  2.91324007e+02 -1.47744877e-02 -1.31641694e+07],273,887.7237480939685
296,296,[ 1.86943592e+03  2.96329300e+02 -1.23068495e-02 -1.31641694e+07],631,887.7843256254913
297,297,[-3.28233249e+03  3.33370601e+02 -9.22154515e-03 -1.31641694e+07],572,888.5275324189695
298,298,[-2.89690560e+03  3.34371563e+02 -7.96134114e-03 -1.31641694e+07],304,888.0542714388058
299,299,[ 1.70690158e+03  2.94328167e+02 -1.39481365e-02 -1.31641694e+07],456,887.87238628739
300,300,[ 1.70086518e+03  2.96330070e+02 -1.29811263e-02 -1.31641694e+07],141,887.8775141861481
301,301,[ 1.89110584e+03  2.93326265e+02 -1.36227429e-02 -1.31641694e+07],183,888.3378984934544
302,302,[ 2.01927744e+03  2.95328487e+02 -1.11293907e-02 -1.31641694e+07],156,887.4406788985156
303,303,[ 1.79078242e+03  2.93326117e+02 -1.44296713e-02 -1.31641694e+07],648,888.0766035388987
304,304,[-3.27536281e+03  3.33370469e+02 -9.24903593e-03 -1.31641694e+07],220,888.1923039800585
305,305,[ 1.67762967e+03  2.95328343e+02 -1.35606397e-02 -1.31641694e+07],566,888.2207955647998
306,306,[ 8.33942146e+03  2.94327083e+02 -2.85747180e-02 -1.31641694e+07],266,888.5124391948252
307,307,[ 1.69976626e+03  2.96329271e+02 -1.19091508e-02 -1.31641694e+07],5,887.8885330071378
308,308,[ 1.69996860e+03  2.96329629e+02 -1.29536781e-02 -1.31641694e+07],646,887.8600633253761
309,309,[ 5.57259034e+03  2.99332873e+02 -3.81768293e-03 -1.31641694e+07],415,888.5488328678033
310,310,[ 1.99355423e+03  2.91324049e+02 -1.49134014e-02 -1.31641694e+07],187,888.4811607044915
311,311,[ 2.30369034e+03  2.94328024e+02 -1.02532616e-02 -1.31641694e+07],463,887.7169856479956
312,312,[-2.54495520e+03  3.35373813e+02 -8.17549123e-03 -1.31641694e+07],446,888.0521624367767
313,313,[ 5.93612767e+03  2.97330460e+02 -2.42841307e-02 -1.31641694e+07],692,888.22399828427
314,314,[ 8.99346207e+03  2.89815305e+02 -2.44710186e-02 -1.31641694e+07],214,888.2785088145214
315,315,[ 2.05359753e+03  2.90322728e+02 -1.55399718e-02 -1.31641694e+07],889,888.3839489036006
316,316,[ 6.14060226e+03  2.97330525e+02 -2.41837081e-02 -1.31641694e+07],601,888.0712675813992
317,317,[-3.49105744e+03  3.32369428e+02 -1.18565640e-02 -1.31641694e+07],101,888.2066642693899
318,318,[ 1.71558098e+03  2.95328964e+02 -1.35881793e-02 -1.31641694e+07],121,888.285213995357
319,319,[ 9.39902125e+03  2.90860993e+02 -2.16245039e-02 -1.31641694e+07],886,888.3073553563062
320,320,[ 9.27709149e+03  2.89883393e+02 -2.25196477e-02 -1.31641694e+07],482,888.5291719707164
321,321,[-2.81621538e+03  3.34371556e+02 -8.30484892e-03 -1.31641694e+07],78,887.8835372701975
322,322,[-3.37621565e+03  3.32369559e+02 -1.09489138e-02 -1.31641694e+07],285,887.571110173058
323,323,[ 1.82949679e+03  2.97330803e+02 -1.09378474e-02 -1.31641694e+07],473,887.8596702509051
324,324,[-2.82038347e+03  3.34371683e+02 -8.43543679e-03 -1.31641694e+07],495,887.9762923611457
325,325,[-2.57314957e+03  3.35373094e+02 -7.55163513e-03 -1.31641694e+07],706,887.9272330308144
326,326,[-3.40333922e+03  3.33370511e+02 -9.14829791e-03 -1.31641694e+07],185,888.2045398701362
327,327,[ 1.00324089e+04  2.90798755e+02 -2.01268787e-02 -1.31641694e+07],581,888.4735639805251
328,328,[ 8.01343328e+03  2.94327048e+02 -2.06597892e-02 -1.31641694e+07],655,888.3627622714682
329,329,[ 1.61567897e+03  2.97331139e+02 -1.27868598e-02 -1.31641694e+07],274,888.1144532054601
330,330,[ 1.17259282e+04  2.92654422e+02 -1.50586738e-02 -1.31641694e+07],811,888.367193265925
331,331,[ 6.35380666e+03  2.97330401e+02 -2.43727588e-02 -1.31641694e+07],744,888.3744288965946
332,332,[-3.28466819e+03  3.32369350e+02 -1.07992688e-02 -1.31641694e+07],100,888.3132444810473
333,333,[ 1.86280118e+03  2.93326160e+02 -1.40173378e-02 -1.31641694e+07],765,887.954069921808
334,334,[-3.02084815e+03  3.33370660e+02 -9.64788562e-03 -1.31641694e+07],625,887.9895858933946
335,335,[-3.34879246e+03  3.32369310e+02 -1.08572770e-02 -1.31641694e+07],226,887.7040699418155
336,336,[ 1.26138854e+04  2.93505911e+02 -1.29892137e-02 -1.31641694e+07],128,888.3209853902595
337,337,[ 1.60955079e+03  2.96329449e+02 -1.29159280e-02 -1.31641694e+07],545,888.1129207156521
338,338,[ 1.06721699e+04  2.90322636e+02 -3.21290420e-02 -1.31641694e+07],420,888.4063021687401
339,339,[-3.20136942e+03  3.33370479e+02 -9.23728732e-03 -1.31641694e+07],125,888.4915481737785
340,340,[ 2.01035653e+03  2.95328255e+02 -1.18306521e-02 -1.31641694e+07],803,888.0333013027337
341,341,[-2.80320971e+03  3.34371663e+02 -8.03242834e-03 -1.31641694e+07],437,887.6471587506721
342,342,[ 8.84772687e+03  2.89858738e+02 -2.43659850e-02 -1.31641694e+07],26,888.5624207020209
343,343,[ 7.42885883e+03  2.94327083e+02 -2.30039117e-02 -1.31641694e+07],410,888.6703109973264
344,344,[ 1.15246279e+04  2.92702611e+02 -1.51602356e-02 -1.31641694e+07],84,888.5950656380625
345,345,[ 2.25320824e+03  2.95328347e+02 -9.94572775e-03 -1.31641694e+07],683,887.7778989093185
346,346,[-2.62786092e+03  3.35372692e+02 -7.21966610e-03 -1.31641694e+07],605,887.7950177011562
347,347,[-2.67676034e+03  3.34371597e+02 -8.67835343e-03 -1.31641694e+07],329,887.4621847668318
348,348,[ 1.89187157e+03  2.97330529e+02 -1.10233324e-02 -1.31641694e+07],704,887.5581107005426
349,349,[ 7.39287502e+03  2.94327129e+02 -2.67200519e-02 -1.31641694e+07],337,887.445037440097
350,350,[ 1.79440905e+03  2.95328461e+02 -1.38477381e-02 -1.31641694e+07],168,887.8402653193339
351,351,[-3.00077919e+03  3.34371622e+02 -7.93905893e-03 -1.31641694e+07],104,888.01959411684
352,352,[-2.79194706e+03  3.34371590e+02 -8.35701943e-03 -1.31641694e+07],413,887.9449208508005
353,353,[-3.23282132e+03  3.33370502e+02 -9.35608692e-03 -1.31641694e+07],240,887.8645682119571
354,354,[-3.11794358e+03  3.34372037e+02 -8.21702267e-03 -1.31641694e+07],404,887.6173935320473
355,355,[ 8.08639946e+03  2.88860945e+02 -2.86836617e-02 -1.31641694e+07],365,888.6272738643574
356,356,[-3.18169620e+03  3.32369315e+02 -1.21221821e-02 -1.31641694e+07],630,888.6205983933239
357,357,[ 1.81318476e+03  2.95328279e+02 -1.31469501e-02 -1.31641694e+07],498,888.4972443255735
358,358,[ 6.01136696e+03  2.97330405e+02 -2.46275407e-02 -1.31641694e+07],826,888.4616293526379
359,359,[-2.69362392e+03  3.34372278e+02 -8.45917613e-03 -1.31641694e+07],445,888.2667129603929
360,360,[ 6.56155154e+03  2.95328197e+02 -2.34851106e-02 -1.31641694e+07],252,888.3722156508447
361,361,[ 1.63659530e+03  2.96329283e+02 -1.34458810e-02 -1.31641694e+07],694,888.0886058653407
362,362,[-3.08883349e+03  3.32369334e+02 -1.08614892e-02 -1.31641694e+07],884,888.249124948775
363,363,[ 1.63102101e+03  2.97330532e+02 -1.25374711e-02 -1.31641694e+07],58,888.0208393288796
364,364,[-3.09379424e+03  3.33371265e+02 -1.14158338e-02 -1.31641694e+07],539,888.5032289406696
365,365,[-3.05515972e+03  3.34371544e+02 -8.11842784e-03 -1.31641694e+07],626,888.1008119696179
366,366,[-3.14514256e+03  3.34371548e+02 -8.12252406e-03 -1.31641694e+07],642,888.3784722486117
367,367,[ 9.11360538e+03  2.89842978e+02 -2.36657109e-02 -1.31641694e+07],583,888.4303692106158
368,368,[ 1.97763408e+03  2.95328805e+02 -1.20450290e-02 -1.31641694e+07],136,888.0413148298549
369,369,[ 1.06197925e+04  2.90322599e+02 -3.60012490e-02 -1.31641694e+07],361,888.34671871833
370,370,[ 1.92331431e+03  2.90323452e+02 -1.55629939e-02 -1.31641694e+07],171,888.5250263386406
371,371,[ 1.46124968e+03  2.98331566e+02 -1.28193973e-02 -1.31641694e+07],880,888.2797871092939
372,372,[ 9.46597521e+03  2.95328229e+02 -2.11581724e-02 -1.31641694e+07],440,888.3621242862183
373,373,[ 1.62603034e+03  2.95328724e+02 -1.42942747e-02 -1.31641694e+07],167,887.5105425941526
374,374,[ 6.62734968e+03  2.92324839e+02 -2.26599616e-02 -1.31641694e+07],503,883.17369048643
375,375,[ 1.50073969e+03  2.97330456e+02 -1.22720881e-02 -1.31641694e+07],147,882.1178120953006
376,376,[ 2.57104663e+03  2.96329426e+02 -7.52949037e-03 -1.31641694e+07],385,883.437843160587
377,377,[ 1.92169686e+03  2.91323699e+02 -1.41573734e-02 -1.31641694e+07],99,886.0074111257917
378,378,[-3.01478301e+03  3.32369427e+02 -1.11920944e-02 -1.31641694e+07],398,887.9996481612772
379,379,[-2.81907845e+03  3.33370511e+02 -9.01484838e-03 -1.31641694e+07],461,887.6135685213233
380,380,[-2.51930343e+03  3.35372653e+02 -7.72397765e-03 -1.31641694e+07],86,887.8464537353268
381,381,[ 1.85661373e+03  2.93326063e+02 -1.46174115e-02 -1.31641694e+07],61,888.5062674580488
382,382,[ 8.47149229e+03  2.89899736e+02 -2.59741682e-02 -1.31641694e+07],32,887.0453700706566
383,383,[ 1.93064657e+03  2.94327429e+02 -1.25260161e-02 -1.31641694e+07],713,886.5502898424352
384,384,[ 2.05894841e+03  2.95328177e+02 -1.11639133e-02 -1.31641694e+07],303,886.6604176843626
385,385,[-3.10876003e+03  3.34371535e+02 -8.07700591e-03 -1.31641694e+07],534,888.0809062588542
386,386,[ 1.64099797e+03  2.94327259e+02 -1.48966716e-02 -1.31641694e+07],80,888.3516413800774
387,387,[ 6.19499713e+03  2.93325982e+02 -3.15133470e-02 -1.31641694e+07],708,888.4491397323162
388,388,[-2.59807113e+03  3.34371838e+02 -7.72477443e-03 -1.31641694e+07],123,888.4364677502126
389,389,[ 9.47448437e+03  2.93325940e+02 -2.01067274e-02 -1.31641694e+07],59,888.5556684713736
390,390,[ 1.83581257e+03  2.92325279e+02 -1.57225028e-02 -1.31641694e+07],801,888.3956498756952
391,391,[ 7.49074237e+03  2.93325934e+02 -2.29130686e-02 -1.31641694e+07],95,888.4930938130823
392,392,[ 6.24369765e+03  2.97330410e+02 -2.53530519e-02 -1.31641694e+07],316,887.9067384388354
393,393,[-3.05928256e+03  3.34371623e+02 -7.99245434e-03 -1.31641694e+07],407,888.0636271699383
394,394,[-2.79586989e+03  3.34371932e+02 -8.87460508e-03 -1.31641694e+07],686,887.890109201958
395,395,[-2.75729810e+03  3.35372735e+02 -7.56071543e-03 -1.31641694e+07],120,887.6708925837122
396,396,[ 4.48245031e+03  3.01334921e+02 -2.86069427e-03 -1.31641694e+07],640,888.2437875545935
397,397,[-2.76328547e+03  3.33370446e+02 -8.71494754e-03 -1.31641694e+07],393,888.3408207299602
398,398,[ 1.71411179e+03  2.97331140e+02 -1.15469241e-02 -1.31641694e+07],559,888.080546158209
399,399,[ 8.88394125e+03  2.89835365e+02 -2.42833296e-02 -1.31641694e+07],633,888.5803693763086
400,400,[ 5.15856409e+03  2.85731254e+02 -6.28225761e-02 -1.31641694e+07],267,888.4367915750586
401,401,[ 1.83476983e+03  2.98331759e+02 -1.12390074e-02 -1.31641694e+07],298,887.6515461163995
402,402,[ 1.69347563e+03  2.97331119e+02 -1.30154283e-02 -1.31641694e+07],201,887.8859141344602
403,403,[-2.92108102e+03  3.34371779e+02 -8.13971648e-03 -1.31641694e+07],454,888.2007940628246
404,404,[ 1.25093239e+04  2.94414211e+02 -1.30695469e-02 -1.31641694e+07],707,888.1022320863177
405,405,[ 1.99984285e+03  2.95328202e+02 -1.17175590e-02 -1.31641694e+07],312,888.0063292908328
406,406,[-2.43805388e+03  3.35373345e+02 -7.83893300e-03 -1.31641694e+07],670,888.2614397370807
407,407,[ 2.18774489e+03  2.94327143e+02 -1.13516860e-02 -1.31641694e+07],727,888.0693724954252
408,408,[-3.03886445e+03  3.34372163e+02 -8.42179984e-03 -1.31641694e+07],24,887.8231387051119
409,409,[ 9.02149535e+03  2.95328149e+02 -2.46162160e-02 -1.31641694e+07],822,888.652262947371
410,410,[ 1.77589991e+03  2.97330427e+02 -1.17402488e-02 -1.31641694e+07],31,888.1206290805815
411,411,[-2.51526775e+03  3.34371610e+02 -8.33595121e-03 -1.31641694e+07],368,888.4291158550453
412,412,[ 1.65927007e+03  2.90322882e+02 -1.58070336e-02 -1.31641694e+07],111,887.8236975515106
413,413,[-3.13001530e+03  3.34371658e+02 -8.12759540e-03 -1.31641694e+07],135,888.1082916523832
414,414,[-2.58923930e+03  3.35372804e+02 -7.90666960e-03 -1.31641694e+07],649,888.3927681856352
415,415,[ 1.71593183e+03  2.95328162e+02 -1.27334801e-02 -1.31641694e+07],546,888.1798803913664
416,416,[-2.81746564e+03  3.35373086e+02 -7.29149120e-03 -1.31641694e+07],455,887.7696327528981
417,417,[ 7.53511891e+03  2.92324842e+02 -2.09320507e-02 -1.31641694e+07],340,888.5469970440888
418,418,[ 1.73317260e+03  2.91324113e+02 -1.55677570e-02 -1.31641694e+07],60,888.3456204066428
419,419,[ 8.84896933e+03  2.89856124e+02 -2.40640806e-02 -1.31641694e+07],790,888.3977336546419
420,420,[-3.33286953e+03  3.32369759e+02 -1.19507971e-02 -1.31641694e+07],824,888.1274742592589
421,421,[-3.19266562e+03  3.32369487e+02 -1.22793512e-02 -1.31641694e+07],443,888.3354040707532
422,422,[ 2.56828300e+03  2.93326101e+02 -1.04155097e-02 -1.31641694e+07],825,887.5917493113238
423,423,[ 1.93829868e+03  2.94327631e+02 -1.27697911e-02 -1.31641694e+07],493,888.2375157703411
424,424,[ 7.77089552e+03  2.96329400e+02 -3.71512589e-02 -1.31641694e+07],474,888.2524803058503
425,425,[ 2.40468331e+03  2.94327310e+02 -1.03196412e-02 -1.31641694e+07],129,887.7901753694921
426,426,[ 1.23548544e+04  2.93591149e+02 -1.32014591e-02 -1.31641694e+07],363,888.4955364467244
427,427,[ 1.61236089e+03  2.93326212e+02 -1.49346023e-02 -1.31641694e+07],729,887.3987668160701
428,428,[ 1.92534809e+03  2.97330505e+02 -1.06204112e-02 -1.31641694e+07],351,887.8529049829335
429,429,[ 8.22383237e+03  2.94327036e+02 -2.37043712e-02 -1.31641694e+07],291,888.4294175334026
430,430,[ 1.60157661e+03  2.94327221e+02 -1.53295250e-02 -1.31641694e+07],529,888.424399317559
431,431,[ 1.92382304e+03  2.95328284e+02 -1.23629694e-02 -1.31641694e+07],676,887.5990529264377
432,432,[ 1.50845497e+03  2.95328818e+02 -1.47189075e-02 -1.31641694e+07],733,888.4227149177282
433,433,[ 1.80558891e+03  2.98331614e+02 -1.18389516e-02 -1.31641694e+07],96,887.8510797798115
434,434,[ 6.20479828e+03  2.94327098e+02 -2.91517044e-02 -1.31641694e+07],145,888.2551226893338
435,435,[ 1.94283976e+03  2.95328461e+02 -1.19402397e-02 -1.31641694e+07],696,887.9869520421518
436,436,[ 9.55914572e+03  2.90821770e+02 -2.14397814e-02 -1.31641694e+07],718,887.5784930497861
437,437,[ 1.61090177e+03  2.96329368e+02 -1.37766449e-02 -1.31641694e+07],677,888.1245635278103
438,438,[ 1.74401542e+03  2.93326329e+02 -1.49208862e-02 -1.31641694e+07],275,888.56087216793
439,439,[-2.88083039e+03  3.33371062e+02 -9.61148853e-03 -1.31641694e+07],703,887.7730145604557
440,440,[ 1.76211153e+03  2.95328393e+02 -1.33414976e-02 -1.31641694e+07],644,888.0855646516043
441,441,[ 8.58596346e+03  2.94327082e+02 -3.67425327e-02 -1.31641694e+07],198,888.2615911245406
442,442,[ 1.62268425e+03  2.95328188e+02 -1.33087979e-02 -1.31641694e+07],834,888.3996666573473
443,443,[ 6.04941942e+03  2.95328187e+02 -2.30808110e-02 -1.31641694e+07],521,888.0275803284795
444,444,[ 8.11985946e+03  2.96329273e+02 -3.15101885e-02 -1.31641694e+07],405,887.6420553597076
445,445,[-2.79672967e+03  3.33370448e+02 -8.61109104e-03 -1.31641694e+07],38,888.0982873243125
446,446,[ 1.73000921e+03  2.95328430e+02 -1.36138813e-02 -1.31641694e+07],882,888.1716288158584
447,447,[ 1.71174949e+03  2.91324160e+02 -1.57034847e-02 -1.31641694e+07],452,888.2847509724056
448,448,[ 7.15116646e+03  2.93325993e+02 -4.50925366e-02 -1.31641694e+07],619,888.3619502060479
449,449,[ 1.54182424e+03  2.93325920e+02 -1.54586598e-02 -1.31641694e+07],458,888.5253790871841
450,450,[ 1.42354541e+03  2.97330504e+02 -1.37896285e-02 -1.31641694e+07],378,888.26622565507
451,451,[ 9.81025122e+03  2.90813998e+02 -2.06820089e-02 -1.31641694e+07],278,888.330251710812
452,452,[-3.16274539e+03  3.32369338e+02 -1.08326915e-02 -1.31641694e+07],627,888.0056817212851
453,453,[ 2.27511152e+03  2.95328233e+02 -1.01692258e-02 -1.31641694e+07],693,887.8474351926243
454,454,[ 1.94857388e+03  2.95328147e+02 -1.18500981e-02 -1.31641694e+07],878,888.053132142756
455,455,[-2.80684916e+03  3.33370446e+02 -8.75843499e-03 -1.31641694e+07],85,888.03401336391
456,456,[ 1.89261544e+03  2.97330598e+02 -1.08980624e-02 -1.31641694e+07],334,888.1918928972257
457,457,[ 1.49405229e+03  2.96329281e+02 -1.43181219e-02 -1.31641694e+07],265,888.4671360982313
458,458,[ 2.00246499e+03  2.96329352e+02 -1.16326711e-02 -1.31641694e+07],435,888.0032504136813
459,459,[-2.82687707e+03  3.34371537e+02 -8.01452691e-03 -1.31641694e+07],459,887.9793107902792
460,460,[ 1.95222715e+03  2.95328979e+02 -1.24207407e-02 -1.31641694e+07],542,887.5152046554595
461,461,[ 2.40830084e+03  2.93326034e+02 -1.09308198e-02 -1.31641694e+07],52,888.0803567739007
462,462,[-2.68136842e+03  3.34371813e+02 -8.63003543e-03 -1.31641694e+07],261,888.4003705976837
463,463,[ 1.89085321e+03  2.94327603e+02 -1.29361538e-02 -1.31641694e+07],324,888.1739455303224
464,464,[ 2.13287637e+03  2.94327855e+02 -1.21770341e-02 -1.31641694e+07],173,888.3014457169089
465,465,[ 7.05215855e+03  2.87832380e+02 -3.54175994e-02 -1.31641694e+07],83,888.5655869868876
466,466,[ 1.01191788e+04  2.93325927e+02 -2.77239440e-02 -1.31641694e+07],196,888.6057157005175
467,467,[ 1.68413977e+03  2.93326788e+02 -1.48193626e-02 -1.31641694e+07],645,887.9166752596691
468,468,[ 7.45892624e+03  2.94327063e+02 -3.88909114e-02 -1.31641694e+07],178,888.342542074742
469,469,[ 1.64879116e+03  2.95328537e+02 -1.33274638e-02 -1.31641694e+07],657,888.3224041623104
470,470,[ 6.16318925e+03  2.93326044e+02 -2.07738523e-02 -1.31641694e+07],164,888.2205253158888
471,471,[ 1.78283643e+03  2.92325008e+02 -1.60486470e-02 -1.31641694e+07],333,888.5238780398498
472,472,[ 1.72740108e+03  2.91323800e+02 -1.62462156e-02 -1.31641694e+07],715,888.538096847299
473,473,[-3.25385178e+03  3.32369711e+02 -1.24292752e-02 -1.31641694e+07],579,888.1575606786962
474,474,[ 7.15554926e+03  2.94327031e+02 -4.76330422e-02 -1.31641694e+07],656,888.0226985700052
475,475,[ 7.02056916e+03  2.95328278e+02 -4.72077340e-02 -1.31641694e+07],57,887.8016282123283
476,476,[ 7.11602946e+03  2.95328241e+02 -3.47343307e-02 -1.31641694e+07],611,888.4141157999838
477,477,[ 1.46824443e+03  2.95328807e+02 -1.51868030e-02 -1.31641694e+07],659,888.4579103453736
478,478,[ 1.55769046e+03  2.96329560e+02 -1.33156550e-02 -1.31641694e+07],105,888.5327177789845
479,479,[ 8.62911590e+03  2.94327174e+02 -2.55545742e-02 -1.31641694e+07],112,888.5541388469826
480,480,[ 1.83855444e+03  2.95328403e+02 -1.26395434e-02 -1.31641694e+07],352,888.5278426359329
481,481,[ 1.70524399e+03  2.96329927e+02 -1.29279202e-02 -1.31641694e+07],72,888.4018502428668
482,482,[-3.34358227e+03  3.32369539e+02 -1.13712600e-02 -1.31641694e+07],222,888.1594990722614
483,483,[ 1.47648194e+03  2.93326068e+02 -1.56098038e-02 -1.31641694e+07],861,888.6180000962253
484,484,[ 7.99505176e+03  2.93325972e+02 -3.82987653e-02 -1.31641694e+07],69,888.4639086703697
485,485,[ 1.47316788e+03  2.97331187e+02 -1.35951214e-02 -1.31641694e+07],241,888.5202490016364
486,486,[ 1.13114135e+04  2.92758003e+02 -1.53866730e-02 -1.31641694e+07],531,888.5986784129465
487,487,[ 1.77395500e+03  2.94327285e+02 -1.40013746e-02 -1.31641694e+07],170,888.406162251589
488,488,[-2.76611448e+03  3.35372724e+02 -7.33083513e-03 -1.31641694e+07],863,887.8279016726879
489,489,[-2.54422576e+03  3.35373122e+02 -8.84282107e-03 -1.31641694e+07],149,887.8819702924455
490,490,[ 1.76064102e+03  2.92324895e+02 -1.64052426e-02 -1.31641694e+07],209,888.2949985538302
491,491,[ 1.39105328e+03  2.93325980e+02 -1.61083287e-02 -1.31641694e+07],56,888.3188087887037
492,492,[ 8.69698886e+03  2.89878117e+02 -2.41767347e-02 -1.31641694e+07],679,888.4116392932051
493,493,[ 1.83216743e+03  2.96329273e+02 -1.32336545e-02 -1.31641694e+07],325,888.0229440638489
494,494,[ 1.69640790e+03  2.93326006e+02 -1.60242459e-02 -1.31641694e+07],186,888.4278335520795
495,495,[ 1.92409595e+03  2.94327078e+02 -1.33282158e-02 -1.31641694e+07],732,888.1570498510118
496,496,[-2.54181062e+03  3.35372704e+02 -7.14664695e-03 -1.31641694e+07],604,887.8751332257002
497,497,[ 1.41416137e+03  2.95328273e+02 -1.47543323e-02 -1.31641694e+07],629,888.4387317636538
498,498,[ 1.95695762e+03  2.95328159e+02 -1.23175019e-02 -1.31641694e+07],552,888.0990058641921
499,499,[ 1.49176799e+03  2.95328324e+02 -1.54537372e-02 -1.31641694e+07],109,888.5618520253591
500,500,[ 9.59705296e+03  2.94327160e+02 -2.91324503e-02 -1.31641694e+07],45,888.558728565439
501,501,[ 7.99185225e+03  2.93325948e+02 -3.73712782e-02 -1.31641694e+07],467,888.54281723802
502,502,[ 1.49084157e+03  2.96330179e+02 -1.49200731e-02 -1.31641694e+07],527,888.5490366197168
503,503,[ 2.27195358e+03  2.94327108e+02 -1.03172206e-02 -1.31641694e+07],194,888.0847828062966
504,504,[ 1.49243704e+03  2.98332304e+02 -1.41073777e-02 -1.31641694e+07],33,887.5592019278132
505,505,[ 1.70939055e+03  2.92325631e+02 -1.64704817e-02 -1.31641694e+07],510,888.4759567077579
506,506,[ 7.62137211e+03  2.96329312e+02 -3.08510838e-02 -1.31641694e+07],392,888.2849017268936
507,507,[ 7.33463334e+03  2.93325963e+02 -4.87926768e-02 -1.31641694e+07],284,888.5169734538546
508,508,[ 2.32815066e+03  2.93325955e+02 -1.09166151e-02 -1.31641694e+07],608,888.2562099865919
509,509,[ 7.80978647e+03  2.88881134e+02 -2.94260935e-02 -1.31641694e+07],813,888.3971167720376
510,510,[ 1.88651976e+03  2.96329403e+02 -1.23285928e-02 -1.31641694e+07],28,887.9076626089935
511,511,[ 1.81270953e+03  3.02336263e+02 -8.32177216e-03 -1.31641694e+07],838,885.8708871513959
512,512,[ 8.03863351e+03  2.88938008e+02 -2.71795149e-02 -1.31641694e+07],117,884.6894038370764
513,513,[ 1.90079646e+03  2.95328814e+02 -1.24874505e-02 -1.31641694e+07],522,882.0374744071044
514,514,[ 1.48460241e+03  2.95328341e+02 -1.35897413e-02 -1.31641694e+07],394,881.1162608074021
515,515,[ 2.32731641e+03  2.95328183e+02 -9.01534216e-03 -1.31641694e+07],307,881.7630034972285
516,516,[ 2.52660430e+03  2.95328165e+02 -9.50995296e-03 -1.31641694e+07],50,883.364077019145
517,517,[ 1.59558995e+03  2.95328795e+02 -1.27069967e-02 -1.31641694e+07],877,885.1326662517282
518,518,[ 9.83480522e+03  2.90883778e+02 -1.94697851e-02 -1.31641694e+07],402,887.4539053951073
519,519,[-3.14622064e+03  3.32369401e+02 -1.26804619e-02 -1.31641694e+07],321,886.0247095275978
520,520,[ 7.79516746e+03  2.96329476e+02 -3.73710491e-02 -1.31641694e+07],637,887.6102459813272
521,521,[ 1.38248938e+03  2.97331068e+02 -1.47804091e-02 -1.31641694e+07],489,888.0069048148582
522,522,[ 1.10392689e+04  2.93325983e+02 -2.05279039e-02 -1.31641694e+07],769,887.8915706468282
523,523,[ 2.32821297e+03  2.97330650e+02 -9.76190799e-03 -1.31641694e+07],712,886.4757080486637
524,524,[ 2.54717199e+03  2.93326151e+02 -9.88856077e-03 -1.31641694e+07],300,886.8740973270254
525,525,[ 8.20851087e+03  2.92324826e+02 -2.21881561e-02 -1.31641694e+07],199,888.4101970160455
526,526,[ 8.64861561e+03  2.89881518e+02 -2.54058448e-02 -1.31641694e+07],496,888.3393901225936
527,527,[ 1.97296031e+03  2.95328631e+02 -1.18676354e-02 -1.31641694e+07],299,887.9136662734278
528,528,[ 8.22451384e+03  2.95328244e+02 -3.84516725e-02 -1.31641694e+07],871,888.2328867156432
529,529,[ 1.85790643e+03  2.96329274e+02 -1.19625041e-02 -1.31641694e+07],218,888.0179452621534
530,530,[ 1.73314340e+03  2.95328990e+02 -1.44206806e-02 -1.31641694e+07],682,887.4036147976195
531,531,[-3.13001794e+03  3.33370426e+02 -9.72998558e-03 -1.31641694e+07],353,887.9359476129267
532,532,[ 7.17473603e+03  2.87837345e+02 -3.49941411e-02 -1.31641694e+07],669,888.3351767252086
533,533,[ 1.51567431e+03  2.93326080e+02 -1.62230832e-02 -1.31641694e+07],809,888.3598380127232
534,534,[ 1.92048562e+03  2.95328304e+02 -1.18757140e-02 -1.31641694e+07],308,888.075957533903
535,535,[-2.95547320e+03  3.34371584e+02 -8.41343781e-03 -1.31641694e+07],323,888.375774812622
536,536,[ 2.48560180e+03  2.96329344e+02 -8.85693396e-03 -1.31641694e+07],30,887.8055804057431
537,537,[ 1.84385319e+03  2.96329401e+02 -1.22868327e-02 -1.31641694e+07],697,888.3721500998964
538,538,[ 1.46396293e+03  2.95328190e+02 -1.53235467e-02 -1.31641694e+07],867,888.4479424158701
539,539,[ 2.49345289e+03  2.95328739e+02 -9.78035436e-03 -1.31641694e+07],711,888.0921790648298
540,540,[ 1.64176509e+03  2.90323620e+02 -1.71474123e-02 -1.31641694e+07],428,888.5814734911941
541,541,[ 1.88559772e+03  2.92324815e+02 -1.38884943e-02 -1.31641694e+07],433,888.5514056994457
542,542,[ 2.18466361e+03  2.97330470e+02 -9.68484501e-03 -1.31641694e+07],800,887.9777344808039
543,543,[ 1.65331813e+03  2.94327067e+02 -1.46176221e-02 -1.31641694e+07],684,888.6127720648884
544,544,[ 1.62038957e+03  2.93326281e+02 -1.52433150e-02 -1.31641694e+07],453,888.6921664535097
545,545,[ 2.10594786e+03  2.93326243e+02 -1.23855292e-02 -1.31641694e+07],193,888.1296718112453
546,546,[ 2.39738985e+03  2.91324284e+02 -1.19280952e-02 -1.31641694e+07],380,888.0395854436789
547,547,[ 6.46946468e+03  2.95328153e+02 -2.11105527e-02 -1.31641694e+07],18,887.7954399628904
548,548,[ 7.68085022e+03  2.88857923e+02 -3.07366418e-02 -1.31641694e+07],134,888.4221808243487
549,549,[ 1.65764354e+03  2.90322644e+02 -1.71699347e-02 -1.31641694e+07],350,888.3098962909731
550,550,[ 1.83365714e+03  2.96329454e+02 -1.17192668e-02 -1.31641694e+07],177,888.34899825169
551,551,[ 1.45513326e+03  2.96329418e+02 -1.43043949e-02 -1.31641694e+07],620,888.4009713100738
552,552,[ 5.60614700e+03  2.86771016e+02 -5.31983492e-02 -1.31641694e+07],678,887.9229487440248
553,553,[ 1.45724604e+03  2.91323924e+02 -1.64512362e-02 -1.31641694e+07],488,888.4292468577422
554,554,[ 1.53050095e+03  2.93326124e+02 -1.56738468e-02 -1.31641694e+07],652,888.4631822186269
555,555,[ 1.37842924e+03  2.95328344e+02 -1.57703554e-02 -1.31641694e+07],46,888.4236295697821
556,556,[ 1.62957083e+03  2.96329429e+02 -1.30755805e-02 -1.31641694e+07],797,888.3680307220528
557,557,[ 2.47245953e+03  2.92325185e+02 -1.15540385e-02 -1.31641694e+07],654,888.3741074752577
558,558,[ 1.35774365e+03  2.93326079e+02 -1.60700341e-02 -1.31641694e+07],7,888.3316611639266
559,559,[ 1.96617339e+03  2.95328181e+02 -1.25556517e-02 -1.31641694e+07],412,888.0635792794911
560,560,[ 1.43387272e+03  2.96329390e+02 -1.41264162e-02 -1.31641694e+07],408,888.6118107833754
561,561,[ 7.98041907e+03  2.94327038e+02 -2.34655521e-02 -1.31641694e+07],118,888.2794329887635
562,562,[ 8.19676846e+03  2.88874214e+02 -2.74851055e-02 -1.31641694e+07],650,888.4539680063813
563,563,[ 1.31156259e+03  2.93327026e+02 -1.61732353e-02 -1.31641694e+07],663,888.3597627424177
564,564,[ 2.35214232e+03  2.93326330e+02 -1.06319636e-02 -1.31641694e+07],536,888.3764004207517
565,565,[ 1.53380199e+03  2.92324908e+02 -1.62070989e-02 -1.31641694e+07],8,888.5783792720341
566,566,[ 1.75030225e+03  2.95328245e+02 -1.34063640e-02 -1.31641694e+07],475,888.1875807816591
567,567,[ 2.19739807e+03  2.95328417e+02 -1.08567554e-02 -1.31641694e+07],840,887.7749018143506
568,568,[ 1.07806633e+04  2.91809494e+02 -1.71407402e-02 -1.31641694e+07],622,888.5745238310716
569,569,[ 2.35038622e+03  2.92324972e+02 -1.13082883e-02 -1.31641694e+07],547,888.4907658753348
570,570,[ 1.35500791e+03  2.94327204e+02 -1.54386028e-02 -1.31641694e+07],20,888.4936474704524
571,571,[ 1.55102327e+03  2.95329293e+02 -1.50573669e-02 -1.31641694e+07],346,888.486207253101
572,572,[ 1.25310842e+04  2.94502024e+02 -1.27517204e-02 -1.31641694e+07],148,888.1943980206634
573,573,[ 1.53488985e+03  2.93326691e+02 -1.50144120e-02 -1.31641694e+07],735,888.6509224727668
574,574,[ 1.28424798e+04  2.94481532e+02 -1.23143535e-02 -1.31641694e+07],48,888.4674047687611
575,575,[ 1.47451853e+03  2.95328575e+02 -1.51585420e-02 -1.31641694e+07],239,888.3215493697552
576,576,[ 1.15406192e+04  2.92782158e+02 -1.46326699e-02 -1.31641694e+07],425,888.6058005937011
577,577,[ 1.66701338e+03  2.95328322e+02 -1.39468269e-02 -1.31641694e+07],775,888.307100689975
578,578,[ 1.83505460e+03  2.96329377e+02 -1.17973027e-02 -1.31641694e+07],787,888.3733549214319
579,579,[ 1.95802501e+03  2.96329534e+02 -1.13641925e-02 -1.31641694e+07],865,887.9523615021989
580,580,[ 1.58324742e+03  2.94327167e+02 -1.48033827e-02 -1.31641694e+07],716,888.4715133333988
581,581,[ 1.02462007e+04  2.92324809e+02 -2.87038007e-02 -1.31641694e+07],53,888.1452355836309
582,582,[ 1.59945417e+03  2.93326782e+02 -1.52779951e-02 -1.31641694e+07],296,888.2884503044379
583,583,[-2.87010551e+03  3.33370433e+02 -9.20820106e-03 -1.31641694e+07],127,888.0899750025287
584,584,[ 1.52845098e+03  2.92325056e+02 -1.63514293e-02 -1.31641694e+07],42,888.389648582073
585,585,[ 1.90872076e+03  2.95328212e+02 -1.19559450e-02 -1.31641694e+07],345,888.3122728890215
586,586,[ 1.55653014e+03  2.93326531e+02 -1.55748522e-02 -1.31641694e+07],257,888.6298786701848
587,587,[ 9.97711450e+03  2.90857933e+02 -1.90166410e-02 -1.31641694e+07],94,887.5151802602104
588,588,[ 1.64110080e+03  2.90323181e+02 -1.70294778e-02 -1.31641694e+07],567,888.3862829786426
589,589,[ 1.81890909e+03  2.96329775e+02 -1.24997716e-02 -1.31641694e+07],439,888.3018537365092
590,590,[ 1.50600902e+03  2.94327403e+02 -1.45777882e-02 -1.31641694e+07],789,888.3121989303551
591,591,[ 1.54036799e+03  2.92324846e+02 -1.61021830e-02 -1.31641694e+07],624,888.5462016117044
592,592,[ 1.41684091e+03  2.94327949e+02 -1.50505544e-02 -1.31641694e+07],416,888.2333052522574
593,593,[ 1.51864833e+03  2.91323811e+02 -1.68922633e-02 -1.31641694e+07],92,888.2353700128484
594,594,[ 1.53588760e+03  2.94327289e+02 -1.49523271e-02 -1.31641694e+07],17,888.5342655730808
595,595,[ 1.92084686e+03  2.93326581e+02 -1.34495496e-02 -1.31641694e+07],738,888.5441022700431
596,596,[ 2.50469465e+03  2.93325954e+02 -1.02800080e-02 -1.31641694e+07],802,888.4429872451527
597,597,[ 1.49052744e+03  2.93326662e+02 -1.52788926e-02 -1.31641694e+07],29,888.3123233461167
598,598,[ 1.34567895e+03  2.96330214e+02 -1.46933828e-02 -1.31641694e+07],874,888.4377102743707
599,599,[ 1.45081686e+03  2.92325069e+02 -1.58234427e-02 -1.31641694e+07],837,888.2243394188806
600,600,[ 1.26371045e+03  2.96329582e+02 -1.56721325e-02 -1.31641694e+07],82,888.5301454898967
601,601,[ 2.04250286e+03  2.93326154e+02 -1.31816960e-02 -1.31641694e+07],192,888.1643485307062
602,602,[ 1.82150954e+03  2.95328249e+02 -1.24559048e-02 -1.31641694e+07],175,888.1960629507097
603,603,[ 8.59536857e+03  2.93325959e+02 -2.25063870e-02 -1.31641694e+07],857,888.2486383516505
604,604,[ 9.68241526e+03  2.93325931e+02 -2.84675181e-02 -1.31641694e+07],695,887.9252548657859
605,605,[ 1.19496622e+03  2.99333132e+02 -1.40559157e-02 -1.31641694e+07],643,888.1174684611268
606,606,[ 1.53870273e+03  2.95328769e+02 -1.38572289e-02 -1.31641694e+07],719,888.3354548454457
607,607,[ 1.50466923e+03  2.95328407e+02 -1.37002582e-02 -1.31641694e+07],869,888.2331289144163
608,608,[ 1.77532031e+03  2.95328211e+02 -1.32649510e-02 -1.31641694e+07],289,887.904131699011
609,609,[ 1.09651100e+04  2.92755761e+02 -1.66747984e-02 -1.31641694e+07],799,887.6684585731513
610,610,[ 1.20187179e+03  2.96330074e+02 -1.48108274e-02 -1.31641694e+07],792,888.5113196548828
611,611,[-2.85903967e+03  3.34371533e+02 -8.24391418e-03 -1.31641694e+07],23,887.948997154174
612,612,[ 1.51517318e+03  2.92324807e+02 -1.69033340e-02 -1.31641694e+07],22,886.5424235518778
613,613,[ 1.69085320e+03  2.96330771e+02 -1.29545947e-02 -1.31641694e+07],73,884.0269793439326
614,614,[ 1.27350394e+03  2.96329292e+02 -1.35543522e-02 -1.31641694e+07],130,883.3977365512816
615,615,[ 1.30813449e+03  2.95329119e+02 -1.35654615e-02 -1.31641694e+07],295,885.1831325688677
616,616,[ 2.27714397e+03  2.93326340e+02 -1.18519256e-02 -1.31641694e+07],311,888.2689700276513
617,617,[ 3.27853657e+03  2.92324926e+02 -7.93884304e-03 -1.31641694e+07],793,887.4283288804046
618,618,[ 2.57512273e+03  2.92324810e+02 -1.07489578e-02 -1.31641694e+07],737,887.6375494052504
619,619,[ 1.54162214e+03  2.95328200e+02 -1.40283723e-02 -1.31641694e+07],854,888.0034882205448
620,620,[ 1.33117557e+03  2.96329291e+02 -1.49359685e-02 -1.31641694e+07],288,887.8347739394818
621,621,[ 1.64358407e+03  2.94328150e+02 -1.42162836e-02 -1.31641694e+07],335,888.4628893061541
622,622,[ 2.46443422e+03  2.94327259e+02 -1.01553665e-02 -1.31641694e+07],806,887.7957291865688
623,623,[ 6.39732709e+03  2.86318174e+02 -9.30569414e-02 -1.31641694e+07],215,887.678730141204
624,624,[ 9.00404140e+03  2.89321485e+02 -4.68258963e-02 -1.31641694e+07],248,887.7698625651443
625,625,[ 1.47896368e+03  2.89321752e+02 -1.81785675e-02 -1.31641694e+07],54,888.134597336282
626,626,[ 8.94355826e+03  2.93325992e+02 -3.26739715e-02 -1.31641694e+07],651,888.0914964345902
627,627,[ 5.49394216e+03  2.90322658e+02 -1.26066208e-02 -1.31641694e+07],635,887.9924894847743
628,628,[ 1.31755768e+03  2.93326425e+02 -1.58806134e-02 -1.31641694e+07],794,888.2855338189439
629,629,[-2.92422685e+03  3.34371561e+02 -8.47365164e-03 -1.31641694e+07],623,887.9231419202118
630,630,[ 2.27961054e+03  2.92324840e+02 -1.22221281e-02 -1.31641694e+07],74,888.0990270481598
631,631,[ 2.51653594e+03  2.96329500e+02 -8.88586271e-03 -1.31641694e+07],260,888.1946662414058
632,632,[ 1.40193625e+03  2.93326099e+02 -1.64646083e-02 -1.31641694e+07],395,888.3623983257711
633,633,[ 1.62110384e+03  2.91324186e+02 -1.53757616e-02 -1.31641694e+07],609,888.058997323639
634,634,[ 1.35457410e+03  2.96330103e+02 -1.43153096e-02 -1.31641694e+07],791,888.4531566491111
635,635,[ 2.61049511e+03  2.94327728e+02 -9.69986831e-03 -1.31641694e+07],221,887.6842746502496
636,636,[ 2.25126422e+03  2.99332876e+02 -6.95321422e-03 -1.31641694e+07],246,887.6329440045387
637,637,[ 1.29584406e+04  2.94456223e+02 -1.19532739e-02 -1.31641694e+07],862,887.8830327728592
638,638,[ 1.46947571e+03  2.95328257e+02 -1.46239791e-02 -1.31641694e+07],856,888.2923506585576
639,639,[ 1.36012863e+03  2.94327441e+02 -1.55370663e-02 -1.31641694e+07],401,888.4706125098626
640,640,[ 2.45489341e+03  2.91324096e+02 -1.24002625e-02 -1.31641694e+07],702,888.0637574691766
641,641,[ 1.78367417e+03  2.92324976e+02 -1.48260317e-02 -1.31641694e+07],709,888.5443277534173
642,642,[ 2.32939505e+03  2.93325993e+02 -1.11630858e-02 -1.31641694e+07],341,888.0909607848935
643,643,[ 9.78271484e+03  2.94327114e+02 -2.86866117e-02 -1.31641694e+07],751,887.7439644273126
644,644,[ 2.26666761e+03  2.91323741e+02 -1.26342247e-02 -1.31641694e+07],444,888.0098138414295
645,645,[ 1.74661259e+03  2.94328400e+02 -1.30937768e-02 -1.31641694e+07],689,887.9603174892404
646,646,[ 2.63430279e+03  2.94327089e+02 -9.93778130e-03 -1.31641694e+07],618,888.1830239797687
647,647,[ 1.30420713e+03  2.92324872e+02 -1.61384571e-02 -1.31641694e+07],636,888.2261565136461
648,648,[ 1.47409803e+03  2.93326552e+02 -1.50491479e-02 -1.31641694e+07],286,888.1886685480775
649,649,[ 1.21334881e+03  2.95328556e+02 -1.54565957e-02 -1.31641694e+07],19,888.0396484903055
650,650,[ 1.51769115e+03  2.91323908e+02 -1.59225066e-02 -1.31641694e+07],131,887.819776178119
651,651,[ 2.24175448e+03  2.96329392e+02 -1.01486051e-02 -1.31641694e+07],662,887.6862724933653
652,652,[ 1.71971786e+03  2.94328034e+02 -1.36901229e-02 -1.31641694e+07],823,887.8267310421168
653,653,[ 1.14636687e+03  2.94327329e+02 -1.62901897e-02 -1.31641694e+07],230,887.5432247208197
654,654,[ 2.42896325e+03  2.91323809e+02 -1.25936346e-02 -1.31641694e+07],203,887.824631513807
655,655,[ 2.39215238e+03  2.90322626e+02 -1.34361862e-02 -1.31641694e+07],354,888.1428900310417
656,656,[ 8.89619816e+03  2.92324891e+02 -1.96666018e-02 -1.31641694e+07],832,887.9508770834399
657,657,[ 1.74380863e+03  2.92325072e+02 -1.47240588e-02 -1.31641694e+07],782,887.9582670796436
658,658,[ 2.23894724e+03  2.97330429e+02 -1.01953759e-02 -1.31641694e+07],379,887.5596441222681
659,659,[ 1.19711069e+03  2.92324937e+02 -1.71953223e-02 -1.31641694e+07],720,887.9479029519558
660,660,[-2.93166798e+03  3.34371826e+02 -8.60873506e-03 -1.31641694e+07],520,887.3894526373722
661,661,[ 7.81061913e+03  2.87319267e+02 -9.16486845e-02 -1.31641694e+07],277,887.3479268438929
662,662,[ 3.84810434e+03  2.92324807e+02 -8.04774229e-03 -1.31641694e+07],93,887.6226263035143
663,663,[ 2.44795101e+03  2.95329037e+02 -1.02369611e-02 -1.31641694e+07],132,887.819118808066
664,664,[ 2.34057676e+03  2.91323707e+02 -1.30076306e-02 -1.31641694e+07],431,888.4279514594541
665,665,[ 2.32035189e+03  2.91324141e+02 -1.25109111e-02 -1.31641694e+07],422,888.4614392019905
666,666,[ 1.43788940e+03  2.93326144e+02 -1.54607998e-02 -1.31641694e+07],698,888.583378688053
667,667,[ 1.35447882e+03  2.94327273e+02 -1.51832311e-02 -1.31641694e+07],6,888.3139009706133
668,668,[ 8.27144143e+03  2.96329277e+02 -3.48379396e-02 -1.31641694e+07],830,887.5179688323608
669,669,[ 1.86033067e+03  2.92325468e+02 -1.41330738e-02 -1.31641694e+07],153,887.8640735469164
670,670,[ 2.20189489e+03  2.92325081e+02 -1.33166984e-02 -1.31641694e+07],51,888.0501429516848
671,671,[ 1.21406496e+04  2.93625041e+02 -1.36466382e-02 -1.31641694e+07],207,887.1563205474015
672,672,[ 2.42453629e+03  2.92324994e+02 -1.22934796e-02 -1.31641694e+07],774,887.5023821906984
673,673,[ 2.32166542e+03  2.94327156e+02 -1.16599337e-02 -1.31641694e+07],436,888.3932649946923
674,674,[ 1.46078705e+03  2.94327195e+02 -1.50339580e-02 -1.31641694e+07],743,888.3950661310397
675,675,[ 2.32884367e+03  2.92324871e+02 -1.18263224e-02 -1.31641694e+07],680,888.3704958805403
676,676,[ 1.09870040e+03  2.95328412e+02 -1.54270219e-02 -1.31641694e+07],722,888.0172454979134
677,677,[ 2.49868262e+03  2.94327146e+02 -1.04011043e-02 -1.31641694e+07],322,888.0118627254896
678,678,[ 2.77865966e+03  2.95328247e+02 -5.53843081e-03 -1.31641694e+07],143,887.8301030945744
679,679,[ 1.57384645e+03  2.93326028e+02 -1.46788906e-02 -1.31641694e+07],658,887.9290138495412
680,680,[ 1.05278856e+03  2.94327325e+02 -1.66531879e-02 -1.31641694e+07],504,887.5724079217256
681,681,[ 4.12515215e+03  2.91323707e+02 -8.23358396e-03 -1.31641694e+07],348,887.2165756761607
682,682,[ 2.46031117e+03  2.91323698e+02 -1.29908066e-02 -1.31641694e+07],699,887.8653660540712
683,683,[ 2.38002289e+03  2.96329766e+02 -1.09658145e-02 -1.31641694e+07],653,888.1177635718925
684,684,[ 1.73526900e+03  2.91323936e+02 -1.50781294e-02 -1.31641694e+07],271,887.8478560066052
685,685,[ 1.58576148e+03  2.91324301e+02 -1.59401210e-02 -1.31641694e+07],247,887.405526527241
686,686,[ 2.34233735e+03  2.90322765e+02 -1.35777804e-02 -1.31641694e+07],883,888.0646894416082
687,687,[ 1.41327596e+03  2.89321534e+02 -1.85356260e-02 -1.31641694e+07],87,887.3750157152456
688,688,[ 2.29106250e+03  2.92324909e+02 -1.24139888e-02 -1.31641694e+07],805,888.254287292391
689,689,[ 1.04964911e+03  2.94327399e+02 -1.63506668e-02 -1.31641694e+07],804,887.6398547503658
690,690,[ 5.91786695e+03  2.86786538e+02 -4.87934714e-02 -1.31641694e+07],749,887.3405962669332
691,691,[ 1.09937876e+03  2.94327249e+02 -1.63888679e-02 -1.31641694e+07],668,887.5112452521914
692,692,[ 1.77311748e+03  2.92324998e+02 -1.53977360e-02 -1.31641694e+07],460,888.1706393971816
693,693,[-2.96350355e+03  3.33370843e+02 -9.72718781e-03 -1.31641694e+07],587,887.9917339287982
694,694,[ 1.85424235e+03  2.92324897e+02 -1.50805724e-02 -1.31641694e+07],691,888.0966228362099
695,695,[-3.21638449e+03  3.33370628e+02 -9.05282737e-03 -1.31641694e+07],373,887.7471378589967
696,696,[-2.83388281e+03  3.33370634e+02 -9.64042312e-03 -1.31641694e+07],71,888.012789084464
697,697,[-2.86356210e+03  3.32369367e+02 -9.85470591e-03 -1.31641694e+07],9,887.857170195212
698,698,[ 6.83661399e+03  2.93326031e+02 -2.23669213e-02 -1.31641694e+07],672,887.5916888791763
699,699,[ 6.88428260e+03  2.94327062e+02 -2.63720415e-02 -1.31641694e+07],152,887.5524221599593
700,700,[ 1.80100942e+03  2.96329555e+02 -1.16962705e-02 -1.31641694e+07],858,887.3875733430533
701,701,[-2.87333362e+03  3.34372234e+02 -9.81246465e-03 -1.31641694e+07],739,886.5371328083208
702,702,[-3.13699962e+03  3.32369325e+02 -1.11359992e-02 -1.31641694e+07],785,887.6491309002539
703,703,[ 1.22379650e+04  2.93537227e+02 -1.32601749e-02 -1.31641694e+07],219,888.0112201720702
704,704,[-3.40472636e+03  3.31368258e+02 -1.24082060e-02 -1.31641694e+07],197,888.1134395222591
705,705,[-2.78630167e+03  3.33371313e+02 -9.51086195e-03 -1.31641694e+07],347,888.4526677091885
706,706,[-3.11570174e+03  3.33370434e+02 -9.13064245e-03 -1.31641694e+07],750,888.1555524209527
707,707,[-3.37847738e+03  3.33370446e+02 -8.94765093e-03 -1.31641694e+07],518,888.0526706185848
708,708,[-2.75765439e+03  3.35372895e+02 -6.96769103e-03 -1.31641694e+07],710,888.0754834967895
709,709,[ 7.52779768e+03  2.95328184e+02 -2.30305406e-02 -1.31641694e+07],227,887.6484320209229
710,710,[ 6.58696542e+03  2.92324809e+02 -2.35526073e-02 -1.31641694e+07],349,887.4481988023465
711,711,[-2.80142954e+03  3.35372704e+02 -6.79305476e-03 -1.31641694e+07],249,887.855546280152
712,712,[-3.56547096e+03  3.31368399e+02 -1.36141046e-02 -1.31641694e+07],302,887.8781150104227
713,713,[-2.63416286e+03  3.33370444e+02 -9.31807374e-03 -1.31641694e+07],36,888.077425307414
714,714,[-3.06896983e+03  3.33370812e+02 -9.19580894e-03 -1.31641694e+07],617,888.4038103209248
715,715,[-2.88959298e+03  3.34371537e+02 -8.05157317e-03 -1.31641694e+07],35,887.952783809861
716,716,[-2.54002232e+03  3.36374198e+02 -6.46552686e-03 -1.31641694e+07],724,887.78548638352
717,717,[-3.29487570e+03  3.32369301e+02 -1.15735855e-02 -1.31641694e+07],231,887.063268082151
718,718,[-2.92444824e+03  3.34371644e+02 -7.87481634e-03 -1.31641694e+07],70,888.0123290421235
719,719,[-3.03786127e+03  3.33370542e+02 -9.28570947e-03 -1.31641694e+07],685,887.7388212719051
720,720,[-3.17193102e+03  3.33370445e+02 -9.09401092e-03 -1.31641694e+07],530,887.6134365397862
721,721,[-3.19195044e+03  3.32369525e+02 -1.12234503e-02 -1.31641694e+07],786,887.2636545268565
722,722,[-2.91320481e+03  3.33370460e+02 -9.24428973e-03 -1.31641694e+07],427,887.5712918465997
723,723,[ 7.93447663e+03  2.94327184e+02 -3.20617948e-02 -1.31641694e+07],741,888.2453853085389
724,724,[-2.94383229e+03  3.33370434e+02 -9.41389487e-03 -1.31641694e+07],752,887.4143083151658
725,725,[ 6.52470596e+03  2.94327047e+02 -2.33860990e-02 -1.31641694e+07],788,888.4075091496507
726,726,[-2.31614577e+03  3.36373868e+02 -6.96468687e-03 -1.31641694e+07],21,886.6323275857884
727,727,[ 6.53694359e+03  2.91323796e+02 -2.33499406e-02 -1.31641694e+07],660,888.0491284224585
728,728,[-2.85857607e+03  3.34371635e+02 -8.23219155e-03 -1.31641694e+07],700,888.2248247538511
729,729,[ 6.61732344e+03  2.94327047e+02 -2.47820684e-02 -1.31641694e+07],179,888.0206710643571
730,730,[-3.23568765e+03  3.32369325e+02 -1.14334429e-02 -1.31641694e+07],687,886.827278649498
731,731,[ 8.59306548e+03  2.94327075e+02 -2.42328860e-02 -1.31641694e+07],868,888.403895965302
732,732,[-3.17565117e+03  3.33370549e+02 -9.10544915e-03 -1.31641694e+07],160,887.9255116961864
733,733,[-2.65486343e+03  3.35372828e+02 -7.33951822e-03 -1.31641694e+07],116,888.0159356492469
734,734,[-2.79802865e+03  3.35372967e+02 -6.98588055e-03 -1.31641694e+07],661,888.3064113409747
735,735,[ 6.22781816e+03  2.93325991e+02 -2.49681188e-02 -1.31641694e+07],690,887.7929460180487
736,736,[-2.83858571e+03  3.33370784e+02 -9.27560627e-03 -1.31641694e+07],16,886.8191012681484
737,737,[-2.79366750e+03  3.35372764e+02 -6.91533609e-03 -1.31641694e+07],151,887.7092534557056
738,738,[-3.12970968e+03  3.33370493e+02 -9.13175754e-03 -1.31641694e+07],753,887.7641992187052
739,739,[-2.79399917e+03  3.34371638e+02 -7.83451406e-03 -1.31641694e+07],784,887.4748168249318
740,740,[-2.87756442e+03  3.34371646e+02 -8.00575599e-03 -1.31641694e+07],764,887.0856741831564
741,741,[ 6.15378440e+03  2.94327076e+02 -2.54166160e-02 -1.31641694e+07],43,887.3960780383212
742,742,[-3.04156597e+03  3.33370464e+02 -9.69723165e-03 -1.31641694e+07],155,886.8574036237164
743,743,[ 1.59700850e+03  2.95328315e+02 -1.39442759e-02 -1.31641694e+07],106,887.5746508047409
744,744,[-2.73874088e+03  3.34371810e+02 -7.21415090e-03 -1.31641694e+07],808,888.141446470046
745,745,[-2.71713173e+03  3.34371614e+02 -8.92999370e-03 -1.31641694e+07],223,888.2187207251167
746,746,[ 1.42485994e+04  2.96329717e+02 -9.10749342e-03 -1.31641694e+07],831,888.4933582427534
747,747,[-3.04075179e+03  3.33370428e+02 -9.19064454e-03 -1.31641694e+07],721,888.2391634303264
748,748,[-2.77356703e+03  3.34372197e+02 -9.63263902e-03 -1.31641694e+07],827,887.2322338299056
749,749,[ 1.60437134e+03  2.94327061e+02 -1.42985031e-02 -1.31641694e+07],34,887.5221566325204
750,750,[-2.83290762e+03  3.34372139e+02 -8.24741650e-03 -1.31641694e+07],767,887.460865897201
751,751,[ 1.15836763e+04  2.92743382e+02 -1.46967814e-02 -1.31641694e+07],748,887.6434411525667
752,752,[ 7.21188937e+03  2.92324933e+02 -2.12763851e-02 -1.31641694e+07],681,887.3938032661243
753,753,[-2.61442396e+03  3.35372705e+02 -7.53216107e-03 -1.31641694e+07],243,887.3213531294211
754,754,[-3.14060908e+03  3.32369307e+02 -1.04916566e-02 -1.31641694e+07],860,887.0732000023182
755,755,[-2.54857416e+03  3.34371625e+02 -8.72585836e-03 -1.31641694e+07],229,887.1133752598239
756,756,[-2.46699969e+03  3.34371844e+02 -8.64293688e-03 -1.31641694e+07],671,886.7500507414221
757,757,[ 8.09694647e+03  2.94327096e+02 -2.27556259e-02 -1.31641694e+07],190,887.1135948703997
758,758,[-2.67460058e+03  3.34371528e+02 -8.86159436e-03 -1.31641694e+07],783,885.9730315198268
759,759,[-2.51657172e+03  3.36373858e+02 -7.09420112e-03 -1.31641694e+07],853,886.9964984499927
760,760,[-3.02000784e+03  3.32369351e+02 -1.05100391e-02 -1.31641694e+07],37,886.9814943401294
761,761,[-2.74796659e+03  3.34371605e+02 -7.72799073e-03 -1.31641694e+07],137,886.0757339580999
762,762,[ 6.12974370e+03  2.94327193e+02 -2.57772636e-02 -1.31641694e+07],780,886.1908983354917
763,763,[ 1.64184855e+03  2.92324836e+02 -1.47887756e-02 -1.31641694e+07],126,886.7787295586592
764,764,[-2.91717023e+03  3.34371776e+02 -7.99799590e-03 -1.31641694e+07],188,887.3010589820931
765,765,[-2.79100306e+03  3.34371781e+02 -1.01111117e-02 -1.31641694e+07],757,888.140324961107
766,766,[-3.11305034e+03  3.33370557e+02 -9.14252918e-03 -1.31641694e+07],755,888.2016558813793
767,767,[-3.00124854e+03  3.34371571e+02 -8.06677369e-03 -1.31641694e+07],781,887.2373646075511
768,768,[ 1.79131217e+03  2.93326535e+02 -1.52900003e-02 -1.31641694e+07],157,886.897267489318
769,769,[ 1.68232220e+03  2.93326290e+02 -1.48810165e-02 -1.31641694e+07],771,887.8788986858217
770,770,[-2.85268837e+03  3.33370438e+02 -9.77879473e-03 -1.31641694e+07],740,886.6378840990228
771,771,[ 7.99666257e+03  2.93325940e+02 -2.69423724e-02 -1.31641694e+07],113,887.0912020083756
772,772,[-2.91779721e+03  3.33370528e+02 -1.01238416e-02 -1.31641694e+07],754,886.2671243586185
773,773,[-3.08574171e+03  3.33370945e+02 -9.42327020e-03 -1.31641694e+07],115,887.011160302838
774,774,[-2.89812301e+03  3.34371919e+02 -7.95626626e-03 -1.31641694e+07],1,887.5786469772415
775,775,[ 1.63918553e+03  2.96329616e+02 -1.33081022e-02 -1.31641694e+07],717,887.7897202564161
776,776,[-2.89545198e+03  3.33370520e+02 -9.90724107e-03 -1.31641694e+07],158,886.3454105463143
777,777,[-2.59180876e+03  3.34371925e+02 -8.80592459e-03 -1.31641694e+07],382,886.0287289598256
778,778,[ 7.86612751e+03  2.94327069e+02 -2.33893365e-02 -1.31641694e+07],91,887.0148048970267
779,779,[-2.85943510e+03  3.35372722e+02 -7.01481832e-03 -1.31641694e+07],796,886.8599846470714
780,780,[-2.99250575e+03  3.32369330e+02 -1.03417385e-02 -1.31641694e+07],150,887.128745185193
781,781,[-2.52552852e+03  3.36374131e+02 -6.46125695e-03 -1.31641694e+07],778,887.1049018420533
782,782,[-2.68916034e+03  3.36374045e+02 -6.41964679e-03 -1.31641694e+07],773,887.615439786999
783,783,[ 1.96130783e+03  2.91323783e+02 -1.52760202e-02 -1.31641694e+07],759,887.1403493664603
784,784,[-2.93208110e+03  3.34371771e+02 -8.00102514e-03 -1.31641694e+07],163,887.3122664520338
785,785,[ 1.79103195e+03  2.92325127e+02 -1.48561755e-02 -1.31641694e+07],760,887.4741180953021
786,786,[-2.74681882e+03  3.34372010e+02 -9.00902464e-03 -1.31641694e+07],206,887.4006666447086
787,787,[ 1.50735734e+03  2.96329381e+02 -1.43777441e-02 -1.31641694e+07],213,887.7889419140273
788,788,[ 1.84735458e+03  2.92325056e+02 -1.55300375e-02 -1.31641694e+07],139,887.3932344821243
789,789,[ 1.89631920e+03  2.90322724e+02 -1.67906262e-02 -1.31641694e+07],768,887.7713028112747
790,790,[ 8.47935226e+03  2.94327041e+02 -2.56365069e-02 -1.31641694e+07],89,888.0306540122435
791,791,[ 7.49841311e+03  2.94327031e+02 -2.54119521e-02 -1.31641694e+07],159,887.6641770056789
792,792,[ 9.01581531e+03  2.89854078e+02 -2.29740769e-02 -1.31641694e+07],524,887.7338415900828
793,793,[ 1.67489194e+03  2.94327264e+02 -1.46021449e-02 -1.31641694e+07],268,887.7142318184301
794,794,[-3.58228929e+03  3.31368220e+02 -1.37183735e-02 -1.31641694e+07],795,887.6839838972409
795,795,[ 1.65765267e+03  2.93326067e+02 -1.55002912e-02 -1.31641694e+07],779,886.862557619796
796,796,[ 1.79182498e+03  2.93326591e+02 -1.34701805e-02 -1.31641694e+07],742,887.0313199809876
797,797,[ 7.07489149e+03  2.92324885e+02 -2.23255422e-02 -1.31641694e+07],68,887.8252533620623
798,798,[ 7.96885700e+03  2.93325932e+02 -2.27103749e-02 -1.31641694e+07],228,888.2361572772098
799,799,[ 1.69592736e+03  2.96329423e+02 -1.25427348e-02 -1.31641694e+07],110,887.737124755165
800,800,[-3.01461308e+03  3.33370669e+02 -9.50472158e-03 -1.31641694e+07],730,887.850222477073
801,801,[ 1.89519682e+03  2.90322702e+02 -1.57413336e-02 -1.31641694e+07],736,888.0734624574504
802,802,[-2.69068357e+03  3.34371604e+02 -9.02250368e-03 -1.31641694e+07],14,887.7625204014204
803,803,[-2.74609334e+03  3.34372029e+02 -8.20451120e-03 -1.31641694e+07],763,888.125136234357
804,804,[ 2.19763845e+03  2.94327368e+02 -1.10865344e-02 -1.31641694e+07],756,887.5223224510892
805,805,[ 1.84819024e+03  2.92325367e+02 -1.53354003e-02 -1.31641694e+07],852,887.5247519607464
806,806,[ 9.68155348e+03  2.91323715e+02 -2.95699880e-02 -1.31641694e+07],81,887.7001750018115
807,807,[ 1.65302743e+03  2.95328309e+02 -1.44399628e-02 -1.31641694e+07],238,886.6188810869498
808,808,[ 7.97385751e+03  2.88924872e+02 -2.72881400e-02 -1.31641694e+07],859,887.278608643333
809,809,[ 7.52887546e+03  2.87903899e+02 -3.05521875e-02 -1.31641694e+07],384,887.8631810679169
810,810,[-2.97978158e+03  3.34371556e+02 -8.13418501e-03 -1.31641694e+07],245,888.2135694314062
811,811,[ 1.71782615e+03  2.93326106e+02 -1.49846987e-02 -1.31641694e+07],182,888.142681915915
812,812,[-2.98750872e+03  3.32369500e+02 -1.08862621e-02 -1.31641694e+07],770,888.209024674188
813,813,[-3.03656047e+03  3.32369555e+02 -1.09178180e-02 -1.31641694e+07],180,887.9020384782261
814,814,[ 3.96275080e+03  3.02336026e+02 -2.59449813e-03 -1.31641694e+07],726,888.5074518111646
815,815,[-2.91653187e+03  3.32369449e+02 -1.07151178e-02 -1.31641694e+07],807,888.3155526790027
816,816,[ 1.84880528e+03  2.95328767e+02 -1.34469616e-02 -1.31641694e+07],270,884.7413054115866
817,817,[ 1.71123329e+03  2.95328428e+02 -1.43053430e-02 -1.31641694e+07],383,881.8624211144605
818,818,[ 8.65206008e+03  2.89885412e+02 -2.45844478e-02 -1.31641694e+07],612,881.3082366202791
819,819,[ 1.68505388e+03  2.94327586e+02 -1.36322653e-02 -1.31641694e+07],701,880.2322419739072
820,820,[-3.29836186e+03  3.33370517e+02 -8.93701213e-03 -1.31641694e+07],211,883.884117855161
821,821,[ 3.37392267e+03  2.92324822e+02 -5.99590618e-03 -1.31641694e+07],90,885.4772469210579
822,822,[ 5.80225654e+03  2.94327190e+02 -2.69335458e-02 -1.31641694e+07],523,888.0482721538364
823,823,[ 1.55599267e+03  2.95328430e+02 -1.46177620e-02 -1.31641694e+07],114,887.6214187074123
824,824,[-2.71632819e+03  3.35372720e+02 -7.48605070e-03 -1.31641694e+07],776,888.0292854456131
825,825,[ 1.84085909e+03  2.93326222e+02 -1.49395327e-02 -1.31641694e+07],4,888.0246133066091
826,826,[ 1.63052244e+03  2.95328354e+02 -1.48043325e-02 -1.31641694e+07],772,888.0986101572536
827,827,[ 1.86135417e+03  2.95328320e+02 -1.31985101e-02 -1.31641694e+07],828,887.248110865857
828,828,[ 1.77697753e+03  2.93326247e+02 -1.50135654e-02 -1.31641694e+07],212,886.2658415166385
829,829,[-3.13595422e+03  3.33370482e+02 -9.40034917e-03 -1.31641694e+07],762,885.6843481113337
830,830,[ 6.91723531e+03  2.92324867e+02 -2.23600483e-02 -1.31641694e+07],204,887.5855276641594
831,831,[ 1.83524629e+03  2.94327152e+02 -1.42435037e-02 -1.31641694e+07],761,887.2702760607613
832,832,[-3.05459806e+03  3.33370698e+02 -9.00016330e-03 -1.31641694e+07],846,887.6169396381621
833,833,[ 6.64537790e+03  2.94327096e+02 -3.43452524e-02 -1.31641694e+07],777,888.2130803889573
834,834,[-3.02968313e+03  3.34371715e+02 -8.18346963e-03 -1.31641694e+07],519,888.0071275844737
835,835,[ 1.77666964e+03  2.93326485e+02 -1.46557453e-02 -1.31641694e+07],377,888.3043840662322
836,836,[-2.97408741e+03  3.32369887e+02 -1.12756567e-02 -1.31641694e+07],758,888.4180317280571
837,837,[ 9.47097097e+03  2.90878749e+02 -2.09981855e-02 -1.31641694e+07],269,887.7576455334586
838,838,[-2.56211827e+03  3.34371915e+02 -9.03132316e-03 -1.31641694e+07],140,887.8934541635606
839,839,[ 7.44743955e+03  2.94327061e+02 -2.70027653e-02 -1.31641694e+07],511,888.5829026500654
840,840,[-2.96036125e+03  3.32369569e+02 -1.09168596e-02 -1.31641694e+07],847,887.7968978831695
841,841,[ 7.86395387e+03  2.93325944e+02 -2.52492345e-02 -1.31641694e+07],829,888.6175098416797
842,842,[-3.09946927e+03  3.32369360e+02 -1.10457085e-02 -1.31641694e+07],10,888.2139538301844
843,843,[ 1.77132526e+03  2.90323166e+02 -1.68010010e-02 -1.31641694e+07],161,888.3754247874459
844,844,[ 1.71542591e+03  2.93325990e+02 -1.52826625e-02 -1.31641694e+07],162,888.2394095667837
845,845,[ 8.33661328e+03  2.88883653e+02 -2.67314700e-02 -1.31641694e+07],189,888.205885564133
846,846,[ 5.81694305e+03  2.94327038e+02 -2.42179854e-02 -1.31641694e+07],821,886.0352800290674
847,847,[ 1.92753514e+03  2.92325143e+02 -1.45994884e-02 -1.31641694e+07],205,885.7721461224684
848,848,[ 1.77301478e+03  2.93326584e+02 -1.44660790e-02 -1.31641694e+07],232,884.2428731256196
849,849,[ 2.56175959e+03  2.95328343e+02 -7.67757089e-03 -1.31641694e+07],67,879.6386549401919
850,850,[ 8.35063567e+03  2.98331634e+02 -3.45736616e-02 -1.31641694e+07],237,876.4135581336966
851,851,[ 1.77542858e+03  2.90322658e+02 -1.45225081e-02 -1.31641694e+07],615,883.5009939572226
852,852,[ 6.90763349e+03  2.94327047e+02 -2.40887579e-02 -1.31641694e+07],517,886.7400293632653
853,853,[ 2.16666699e+03  2.94327232e+02 -1.17057528e-02 -1.31641694e+07],138,887.1372802342537
854,854,[ 1.80674041e+03  2.92324865e+02 -1.52700104e-02 -1.31641694e+07],62,887.7046630207242
855,855,[ 8.23763635e+03  2.88853363e+02 -2.71641265e-02 -1.31641694e+07],181,888.2267424044458
856,856,[-2.83833763e+03  3.34371816e+02 -8.40057173e-03 -1.31641694e+07],244,887.6540582111428
857,857,[-3.17868044e+03  3.33370788e+02 -9.22241783e-03 -1.31641694e+07],816,887.7507533020721
858,858,[ 1.01548395e+04  2.90877531e+02 -1.85934522e-02 -1.31641694e+07],512,887.485158321403
859,859,[ 1.82546792e+03  2.95328290e+02 -1.27537849e-02 -1.31641694e+07],236,886.6749715253393
860,860,[-3.50844863e+03  3.32369387e+02 -1.10592313e-02 -1.31641694e+07],13,887.1852617757934
861,861,[-3.06551601e+03  3.32369314e+02 -1.10327881e-02 -1.31641694e+07],848,887.9369088777588
862,862,[ 1.53052625e+03  2.96330319e+02 -1.45147608e-02 -1.31641694e+07],613,887.6570315885958
863,863,[-2.48395993e+03  3.35372719e+02 -7.42136554e-03 -1.31641694e+07],64,887.9340540877765
864,864,[-2.79755476e+03  3.34371554e+02 -8.49601600e-03 -1.31641694e+07],820,888.4328038586957
865,865,[ 2.04575760e+03  2.93326150e+02 -1.26112719e-02 -1.31641694e+07],65,887.7874888767691
866,866,[ 7.14115224e+03  2.93326028e+02 -3.48866093e-02 -1.31641694e+07],11,888.5715879858228
867,867,[ 1.62015525e+03  2.94327259e+02 -1.59895583e-02 -1.31641694e+07],851,887.8557033850255
868,868,[-3.13512359e+03  3.32369390e+02 -1.09598020e-02 -1.31641694e+07],376,887.3712581550117
869,869,[ 1.68965857e+03  2.95328207e+02 -1.35837330e-02 -1.31641694e+07],614,887.7381311078132
870,870,[-3.14443708e+03  3.33370482e+02 -9.30926286e-03 -1.31641694e+07],516,888.314512767002
871,871,[ 1.38086298e+03  2.97330404e+02 -1.38307728e-02 -1.31641694e+07],12,887.8689983690059
872,872,[-3.18014668e+03  3.33370452e+02 -9.26424993e-03 -1.31641694e+07],374,888.2565995596473
873,873,[-2.80409603e+03  3.34371724e+02 -8.44532534e-03 -1.31641694e+07],63,888.4144052192096
874,874,[-3.22851143e+03  3.33370623e+02 -9.65723883e-03 -1.31641694e+07],66,887.7617985662265
875,875,[-3.03403295e+03  3.34371728e+02 -8.21133533e-03 -1.31641694e+07],2,888.4260020612845
876,876,[ 1.90392060e+03  2.88320364e+02 -1.81485413e-02 -1.31641694e+07],235,888.3593735897674
877,877,[ 1.64293717e+03  2.95328455e+02 -1.39681517e-02 -1.31641694e+07],0,887.8873143937823
878,878,[-2.79985475e+03  3.33370960e+02 -9.70407488e-03 -1.31641694e+07],375,887.9916966485027
879,879,[-2.80467002e+03  3.34371700e+02 -8.44424608e-03 -1.31641694e+07],513,888.2980394223025
880,880,[-2.84022332e+03  3.34371634e+02 -7.89393252e-03 -1.31641694e+07],817,888.086357251218
881,881,[-2.81994480e+03  3.33371302e+02 -9.87721029e-03 -1.31641694e+07],515,888.2197301001744
882,882,[-3.14771305e+03  3.32369390e+02 -1.13842997e-02 -1.31641694e+07],3,888.005967273579
883,883,[ 2.44276572e+03  2.92325515e+02 -1.05832415e-02 -1.31641694e+07],818,887.534228768351
884,884,[-2.92743428e+03  3.33370638e+02 -1.02796824e-02 -1.31641694e+07],514,888.095359945023
885,885,[ 8.59627716e+03  2.94327270e+02 -2.55226187e-02 -1.31641694e+07],233,888.6243650109014
886,886,[ 1.56818174e+03  2.95328474e+02 -1.42594467e-02 -1.31641694e+07],819,888.1601659839034
887,887,[-3.16919923e+03  3.33370512e+02 -9.46658123e-03 -1.31641694e+07],234,888.4742018950888
888,888,[ 1.59008881e+03  2.94327032e+02 -1.52453622e-02 -1.31641694e+07],849,888.2788147805664
889,889,[-3.15872576e+03  3.32369304e+02 -1.15016038e-02 -1.31641694e+07],850,888.1654950558856
